year,categories,sub-categories,scale_band,Number of companies,Number of persons engaged,Total revenue,Compensation of employees,Operating expenses,Cost of goods sold,Industry value added,revenue_not_disclosed,Revenue_per_company,Revenue_per_employee,Value_added_per_employee,COGS_ratio,Operating_expense_ratio,Value-added margin
2015,Import/export trade,"Food, alcoholic drinks and tobacco_I/E",< 10,4569.0,12962.0,65319.0,2484.0,3962.0,54418.0,7145.0,False,14.296126066973079,5.039268631384045,0.5512266625520753,0.8331113458564889,0.06065616436258975,0.10938624290022811
2015,Import/export trade,"Food, alcoholic drinks and tobacco_I/E",10 - 49,512.0,10197.0,60021.0,3681.0,8065.0,43972.0,7847.0,False,117.228515625,5.886142983230362,0.7695400608021967,0.7326102530780894,0.1343696372936139,0.13073757518201962
2015,Import/export trade,"Food, alcoholic drinks and tobacco_I/E",50 - 99,63.0,3855.0,16156.0,1181.0,1477.0,12294.0,2436.0,False,256.44444444444446,4.190920881971466,0.6319066147859922,0.7609556820995296,0.09142114384748701,0.15077989601386482
2015,Import/export trade,"Food, alcoholic drinks and tobacco_I/E",100 - 199,11.0,1571.0,11303.0,569.0,1078.0,8790.0,1157.0,False,1027.5454545454545,7.194780394653087,0.7364735837046468,0.7776696452269309,0.09537290984694329,0.10236220472440945
2015,Import/export trade,"Food, alcoholic drinks and tobacco_I/E",200 - 499,8.0,2108.0,,,,,,True,,,,,,
2015,Import/export trade,"Food, alcoholic drinks and tobacco_I/E",≥ 500,1.0,1005.0,,,,,,True,,,,,,
2015,Import/export trade,"Food, alcoholic drinks and tobacco_I/E",Total,5164.0,31697.0,173024.0,9478.0,16190.0,133155.0,20798.0,False,33.50580945003873,5.458686941981891,0.6561504243303783,0.7695753190308859,0.09357083410393933,0.12020297762160163
2015,Import/export trade,"Clothing, footwear and allied products_I/E",< 10,12697.0,46883.0,128377.0,11916.0,14389.0,95095.0,20006.0,False,10.110813578010553,2.7382420066975235,0.42672183947273,0.7407479532938143,0.11208394026967447,0.15583788373306745
2015,Import/export trade,"Clothing, footwear and allied products_I/E",10 - 49,1832.0,32186.0,126009.0,10573.0,12080.0,92319.0,22376.0,False,68.78220524017468,3.9150251662213384,0.6952090971229727,0.7326381448944123,0.09586616828956662,0.1775746176860383
2015,Import/export trade,"Clothing, footwear and allied products_I/E",50 - 99,98.0,6485.0,45321.0,2840.0,2767.0,34186.0,7968.0,False,462.4591836734694,6.988589051657671,1.2286815728604472,0.7543081573663423,0.061053374815207076,0.17581253723439466
2015,Import/export trade,"Clothing, footwear and allied products_I/E",100 - 199,42.0,5753.0,27795.0,2757.0,5356.0,10870.0,11221.0,False,661.7857142857143,4.831392317051973,1.9504606292369198,0.3910775319302033,0.19269652815254543,0.403705702464472
2015,Import/export trade,"Clothing, footwear and allied products_I/E",200 - 499,20.0,6092.0,,,,,,True,,,,,,
2015,Import/export trade,"Clothing, footwear and allied products_I/E",≥ 500,4.0,3792.0,,,,,,True,,,,,,
2015,Import/export trade,"Clothing, footwear and allied products_I/E",Total,14694.0,101190.0,367011.0,33049.0,42200.0,252510.0,71764.0,False,24.97692935892201,3.626949303290839,0.7092005138847712,0.6880175253602753,0.11498292966695821,0.19553637356918457
2015,Import/export trade,Other import/export trade_I/E,< 10,53215.0,166609.0,1451685.0,47250.0,83537.0,1234288.0,128464.0,False,27.27962040777976,8.713124741160442,0.7710507835711156,0.8502450600509064,0.05754485305007629,0.08849302706854449
2015,Import/export trade,Other import/export trade_I/E,10 - 49,6851.0,113143.0,1229834.0,42621.0,66058.0,1047112.0,110022.0,False,179.51160414538023,10.869731225086838,0.9724154388693954,0.8514254769342854,0.05371294012037397,0.08946085406648377
2015,Import/export trade,Other import/export trade_I/E,50 - 99,419.0,26147.0,281748.0,12106.0,23301.0,228872.0,28638.0,False,672.4295942720764,10.775538302673347,1.09526905572341,0.8123287476752276,0.08270156309893947,0.10164402231781593
2015,Import/export trade,Other import/export trade_I/E,100 - 199,114.0,15897.0,235127.0,7937.0,25198.0,162074.0,39884.0,False,2062.5175438596493,14.790652324337925,2.508901050512675,0.6893040782215568,0.10716761579912133,0.16962747791618998
2015,Import/export trade,Other import/export trade_I/E,200 - 499,42.0,12905.0,167470.0,6303.0,14725.0,130167.0,15989.0,False,3987.3809523809523,12.977140643161565,1.2389771406431616,0.777255627873649,0.08792619573654983,0.09547381620588762
2015,Import/export trade,Other import/export trade_I/E,≥ 500,14.0,11483.0,55190.0,4426.0,10117.0,31604.0,11107.0,False,3942.1428571428573,4.806235304362971,0.9672559435687538,0.5726399710092408,0.18331219423808662,0.20125022649030622
2015,Import/export trade,Other import/export trade_I/E,Total,60654.0,346183.0,3421054.0,120643.0,222936.0,2834117.0,334105.0,False,56.40277640386454,9.882212586984341,0.9651109384342963,0.8284338686264525,0.06516588162595505,0.09766142247389255
2015,Wholesale trade,"Food, alcoholic drinks and tobacco_W",< 10,3066.0,9056.0,19766.0,978.0,1606.0,16288.0,1875.0,False,6.446836268754077,2.1826413427561837,0.20704505300353357,0.8240412830112314,0.08125063239906911,0.09485986036628555
2015,Wholesale trade,"Food, alcoholic drinks and tobacco_W",10 - 49,366.0,6997.0,,,,,,True,,,,,,
2015,Wholesale trade,"Food, alcoholic drinks and tobacco_W",50 - 99,16.0,1173.0,,,,,,True,,,,,,
2015,Wholesale trade,"Food, alcoholic drinks and tobacco_W",100 - 199,4.0,455.0,,,,,,True,,,,,,
2015,Wholesale trade,"Food, alcoholic drinks and tobacco_W",200 - 499,,,,,,,,False,,,,,,
2015,Wholesale trade,"Food, alcoholic drinks and tobacco_W",≥ 500,1.0,812.0,,,,,,True,,,,,,
2015,Wholesale trade,"Food, alcoholic drinks and tobacco_W",Total,3452.0,18493.0,46768.0,2908.0,3267.0,38566.0,4970.0,False,13.54808806488992,2.528956902611799,0.26875033796571673,0.8246236743072186,0.06985545672254533,0.10626924392747178
2015,Wholesale trade,"Clothing, footwear and allied products_W",< 10,1474.0,4202.0,7199.0,604.0,528.0,5762.0,924.0,False,4.883989145183175,1.7132317943836268,0.2198952879581152,0.8003889429087373,0.07334351993332407,0.12835115988331713
2015,Wholesale trade,"Clothing, footwear and allied products_W",10 - 49,10.0,221.0,,,,,,True,,,,,,
2015,Wholesale trade,"Clothing, footwear and allied products_W",50 - 99,4.0,255.0,,,,,,True,,,,,,
2015,Wholesale trade,"Clothing, footwear and allied products_W",100 - 199,,,,,,,,False,,,,,,
2015,Wholesale trade,"Clothing, footwear and allied products_W",200 - 499,1.0,244.0,,,,,,True,,,,,,
2015,Wholesale trade,"Clothing, footwear and allied products_W",Total,1488.0,4922.0,8565.0,788.0,717.0,6632.0,1213.0,False,5.756048387096774,1.7401462819991873,0.2464445347419748,0.7743140688849971,0.08371278458844134,0.14162288382953883
2015,Wholesale trade,Other wholesale trade_W,< 10,8209.0,22803.0,139223.0,4139.0,5428.0,127194.0,6790.0,False,16.959800219271532,6.105468578695786,0.2977678375652326,0.9135990461346185,0.03898781092204592,0.04877067725878626
2015,Wholesale trade,Other wholesale trade_W,10 - 49,627.0,10962.0,68218.0,2930.0,2635.0,60800.0,4540.0,False,108.80063795853269,6.223134464513775,0.4141580003648969,0.8912603711630361,0.03862616904629277,0.06655135008355566
2015,Wholesale trade,Other wholesale trade_W,50 - 99,36.0,2257.0,12225.0,678.0,710.0,10101.0,1415.0,False,339.5833333333333,5.416482055826318,0.6269384138236598,0.8262576687116564,0.05807770961145194,0.11574642126789365
2015,Wholesale trade,Other wholesale trade_W,100 - 199,14.0,1731.0,,,,,,True,,,,,,
2015,Wholesale trade,Other wholesale trade_W,200 - 499,4.0,1271.0,,,,,,True,,,,,,
2015,Wholesale trade,Other wholesale trade_W,≥ 500,2.0,1636.0,,,,,,True,,,,,,
2015,Wholesale trade,Other wholesale trade_W,Total,8891.0,40659.0,257953.0,9321.0,10692.0,231925.0,15218.0,False,29.01282195478574,6.34430261442731,0.3742836764308025,0.8990978976790346,0.04144941132686962,0.05899524331951945
2015,Retail trade,"Food, alcoholic drinks and tobacco_R",< 10,10253.0,24505.0,20422.0,1200.0,2882.0,14455.0,3100.0,False,1.9918072759192431,0.8333809426647623,0.1265047949398082,0.707815101361277,0.14112231906767211,0.15179708157868965
2015,Retail trade,"Food, alcoholic drinks and tobacco_R",10 - 49,211.0,3771.0,4966.0,720.0,844.0,3049.0,1077.0,False,23.53554502369668,1.316892071068682,0.2856006364359586,0.6139750302053967,0.16995569875151026,0.21687474828836084
2015,Retail trade,"Food, alcoholic drinks and tobacco_R",50 - 99,25.0,1632.0,3106.0,382.0,602.0,1596.0,907.0,False,124.24,1.9031862745098038,0.5557598039215687,0.5138441725692209,0.19381841596909208,0.2920154539600773
2015,Retail trade,"Food, alcoholic drinks and tobacco_R",100 - 199,25.0,3328.0,2650.0,485.0,613.0,1276.0,779.0,False,106.0,0.7962740384615384,0.23407451923076922,0.48150943396226414,0.23132075471698113,0.2939622641509434
2015,Retail trade,"Food, alcoholic drinks and tobacco_R",200 - 499,16.0,4661.0,,,,,,True,,,,,,
2015,Retail trade,"Food, alcoholic drinks and tobacco_R",≥ 500,12.0,34895.0,,,,,,True,,,,,,
2015,Retail trade,"Food, alcoholic drinks and tobacco_R",Total,10542.0,72791.0,100435.0,8670.0,18602.0,66029.0,15858.0,False,9.527129576930374,1.3797722245882045,0.2178566031514885,0.6574301787225568,0.185214317717927,0.15789316473340967
2015,Retail trade,Fuel_R,< 10,110.0,256.0,416.0,31.0,33.0,345.0,30.0,False,3.7818181818181817,1.625,0.1171875,0.8293269230769231,0.07932692307692307,0.07211538461538461
2015,Retail trade,Fuel_R,10 - 49,75.0,1479.0,584.0,213.0,77.0,238.0,269.0,False,7.786666666666667,0.39486139283299526,0.18187964841108858,0.4075342465753425,0.13184931506849315,0.4606164383561644
2015,Retail trade,Fuel_R,50 - 99,6.0,704.0,,,,,,True,,,,,,
2015,Retail trade,Fuel_R,100 - 199,3.0,365.0,,,,,,True,,,,,,
2015,Retail trade,Fuel_R,200 - 499,4.0,1169.0,,,,,,True,,,,,,
2015,Retail trade,Fuel_R,≥ 500,,,,,,,,False,,,,,,
2015,Retail trade,Fuel_R,Total,199.0,3973.0,5639.0,551.0,199.0,4728.0,699.0,False,28.33668341708543,1.4193304807450289,0.17593757865592752,0.8384465330732399,0.03528994502571378,0.1239581486079092
2015,Retail trade,"Clothing, footwear and allied products_R",< 10,10412.0,20233.0,15636.0,1437.0,5151.0,8103.0,2380.0,False,1.501728774490972,0.7727969159294222,0.11762961498541986,0.5182271680736761,0.3294320798158097,0.15221284215911998
2015,Retail trade,"Clothing, footwear and allied products_R",10 - 49,292.0,4745.0,5590.0,1137.0,1603.0,2544.0,1417.0,False,19.143835616438356,1.178082191780822,0.29863013698630136,0.4550983899821109,0.2867620751341682,0.2534883720930233
2015,Retail trade,"Clothing, footwear and allied products_R",50 - 99,34.0,2601.0,5253.0,801.0,2246.0,2291.0,696.0,False,154.5,2.019607843137255,0.2675893886966551,0.4361317342470969,0.4275652008376166,0.13249571673329527
2015,Retail trade,"Clothing, footwear and allied products_R",100 - 199,41.0,5642.0,13486.0,1687.0,4803.0,6485.0,2063.0,False,328.9268292682927,2.3902871322226162,0.36565047855370436,0.48086904938454694,0.3561471155272134,0.15297345395224676
2015,Retail trade,"Clothing, footwear and allied products_R",200 - 499,19.0,5916.0,12744.0,1631.0,5445.0,5243.0,2057.0,False,670.7368421052631,2.154158215010142,0.34770114942528735,0.4114092906465788,0.4272598870056497,0.16140929064657877
2015,Retail trade,"Clothing, footwear and allied products_R",≥ 500,15.0,15616.0,26327.0,3137.0,7997.0,12226.0,5472.0,False,1755.1333333333334,1.6858990778688525,0.35040983606557374,0.46439016978767045,0.3037565996885327,0.2078474569833251
2015,Retail trade,"Clothing, footwear and allied products_R",Total,10812.0,54752.0,79036.0,9830.0,27244.0,36893.0,14084.0,False,7.310025897151314,1.4435271770894214,0.25723261250730567,0.46678728680601245,0.34470367933599877,0.1781972771901412
2015,Retail trade,Transport equipment_R,< 10,888.0,1879.0,2271.0,226.0,338.0,1584.0,364.0,False,2.5574324324324325,1.2086216072378926,0.1937200638637573,0.6974900924702774,0.14883311316600617,0.16028181417877588
2015,Retail trade,Transport equipment_R,10 - 49,62.0,828.0,3123.0,240.0,334.0,2392.0,402.0,False,50.37096774193548,3.7717391304347827,0.4855072463768116,0.7659301953250081,0.1069484470060839,0.1287223823246878
2015,Retail trade,Transport equipment_R,50 - 99,7.0,430.0,,,,,,True,,,,,,
2015,Retail trade,Transport equipment_R,100 - 199,6.0,964.0,,,,,,True,,,,,,
2015,Retail trade,Transport equipment_R,200 - 499,2.0,601.0,,,,,,True,,,,,,
2015,Retail trade,Transport equipment_R,≥ 500,,,,,,,,False,,,,,,
2015,Retail trade,Transport equipment_R,Total,965.0,4701.0,23176.0,1268.0,1876.0,18746.0,2490.0,False,24.01658031088083,4.930014890448841,0.5296745373324825,0.8088539868829824,0.08094580600621333,0.10743872972040042
2015,Retail trade,Other retail trade_R,< 10,23661.0,48228.0,46877.0,3956.0,9568.0,30034.0,7283.0,False,1.9811926799374497,0.9719872273368168,0.1510118603300987,0.6406979968854662,0.20410862469867952,0.15536403780105382
2015,Retail trade,Other retail trade_R,10 - 49,886.0,17205.0,37170.0,3889.0,7065.0,26116.0,4060.0,False,41.95259593679458,2.160418482999128,0.23597791339726823,0.7026096314231908,0.1900726392251816,0.10922787193973635
2015,Retail trade,Other retail trade_R,50 - 99,184.0,12231.0,47374.0,3733.0,9100.0,25852.0,12258.0,False,257.4673913043478,3.8732728313302265,1.0022075055187638,0.5457001730907248,0.19208848735593365,0.25874952505593785
2015,Retail trade,Other retail trade_R,100 - 199,66.0,8901.0,25866.0,2324.0,8222.0,14382.0,3244.0,False,391.90909090909093,2.9059656218402425,0.36445343219862936,0.5560194850382741,0.31786901724271244,0.12541560349493544
2015,Retail trade,Other retail trade_R,200 - 499,40.0,12525.0,38387.0,3947.0,10214.0,18599.0,8384.0,False,959.675,3.0648303393213574,0.66938123752495,0.484512986167192,0.2660796623857035,0.21840727329564696
2015,Retail trade,Other retail trade_R,≥ 500,30.0,43292.0,165592.0,11912.0,28122.0,115817.0,20899.0,False,5519.733333333334,3.8250023098955928,0.4827450799223875,0.6994118073336876,0.1698270447847722,0.12620778781583653
2015,Retail trade,Other retail trade_R,Total,24866.0,142381.0,361266.0,29761.0,72291.0,230800.0,56127.0,False,14.528512828762166,2.537318883839838,0.3942028781930173,0.6388644378380474,0.2001046320439787,0.15536197704738336
2016,Import/export trade,"Food, alcoholic drinks and tobacco_I/E",< 10,4448.0,12011.0,69597.0,3023.0,6646.0,55937.0,7497.0,False,15.646807553956835,5.7944384314378485,0.6241778369827657,0.8037271721482248,0.09549262180841128,0.1077201603517393
2016,Import/export trade,"Food, alcoholic drinks and tobacco_I/E",10 - 49,549.0,11396.0,73580.0,3306.0,5355.0,59984.0,8409.0,False,134.0255009107468,6.456651456651457,0.737890487890488,0.8152215275890188,0.07277792878499592,0.11428377276433814
2016,Import/export trade,"Food, alcoholic drinks and tobacco_I/E",50 - 99,32.0,2193.0,12564.0,708.0,1000.0,10142.0,1454.0,False,392.625,5.729138166894665,0.6630186958504332,0.8072269977714104,0.0795924864692773,0.1157274753263292
2016,Import/export trade,"Food, alcoholic drinks and tobacco_I/E",100 - 199,11.0,1610.0,10647.0,607.0,1120.0,7774.0,1526.0,False,967.9090909090909,6.613043478260869,0.9478260869565217,0.7301587301587301,0.1051939513477975,0.1433267587113741
2016,Import/export trade,"Food, alcoholic drinks and tobacco_I/E",200 - 499,9.0,2832.0,,,,,,True,,,,,,
2016,Import/export trade,"Food, alcoholic drinks and tobacco_I/E",≥ 500,1.0,1005.0,,,,,,True,,,,,,
2016,Import/export trade,"Food, alcoholic drinks and tobacco_I/E",Total,5049.0,31047.0,185646.0,9294.0,15564.0,147037.0,20940.0,False,36.7688651218063,5.979514928978645,0.6744613006087544,0.7920289152472986,0.08383698005882163,0.11279532012539996
2016,Import/export trade,"Clothing, footwear and allied products_I/E",< 10,12383.0,43961.0,117220.0,11193.0,9517.0,90508.0,17601.0,False,9.466203666316725,2.666454357271218,0.40037760742476286,0.7721207984985498,0.0811892168571916,0.1501535574134107
2016,Import/export trade,"Clothing, footwear and allied products_I/E",10 - 49,1547.0,29884.0,105844.0,10156.0,14481.0,70520.0,21471.0,False,68.41887524240465,3.541828403158881,0.7184781153794673,0.6662635576886738,0.13681455727296776,0.2028551453081894
2016,Import/export trade,"Clothing, footwear and allied products_I/E",50 - 99,83.0,5918.0,45295.0,2875.0,4239.0,31652.0,8322.0,False,545.722891566265,7.6537681649205815,1.4062183169989861,0.6987967766861685,0.09358648857489789,0.18372888839827795
2016,Import/export trade,"Clothing, footwear and allied products_I/E",100 - 199,42.0,5813.0,26874.0,2699.0,4689.0,10238.0,11709.0,False,639.8571428571429,4.623086186134526,2.0142783416480303,0.38096301257721216,0.17448091091761553,0.43569993302076354
2016,Import/export trade,"Clothing, footwear and allied products_I/E",200 - 499,20.0,6407.0,,,,,,True,,,,,,
2016,Import/export trade,"Clothing, footwear and allied products_I/E",≥ 500,4.0,3848.0,,,,,,True,,,,,,
2016,Import/export trade,"Clothing, footwear and allied products_I/E",Total,14080.0,95830.0,337930.0,31924.0,39468.0,229017.0,68892.0,False,24.000710227272727,3.526348742564959,0.7188980486277784,0.6777054419554346,0.11679341875536353,0.20386470570828277
2016,Import/export trade,Other import/export trade_I/E,< 10,54657.0,168608.0,1767785.0,50294.0,84902.0,1583987.0,109294.0,False,32.343249720987245,10.484585547542228,0.6482136078952363,0.8960292116971238,0.04802733364068594,0.06182539166244764
2016,Import/export trade,Other import/export trade_I/E,10 - 49,6982.0,111805.0,878267.0,44222.0,70032.0,682839.0,118808.0,False,125.79017473503295,7.8553463619695005,1.062635839184294,0.7774845234991181,0.07973884934763574,0.1352754913938472
2016,Import/export trade,Other import/export trade_I/E,50 - 99,263.0,18239.0,295928.0,10729.0,25644.0,215477.0,47234.0,False,1125.2015209125475,16.225012336202642,2.589725313887823,0.7281399529615312,0.08665621367359629,0.15961314914438648
2016,Import/export trade,Other import/export trade_I/E,100 - 199,138.0,17744.0,205661.0,8703.0,22543.0,137977.0,35952.0,False,1490.2971014492753,11.59045311091073,2.0261496844003606,0.6708953082986079,0.10961242043946105,0.1748119478170387
2016,Import/export trade,Other import/export trade_I/E,200 - 499,41.0,12124.0,157146.0,6390.0,14509.0,114818.0,21195.0,False,3832.829268292683,12.961563840316726,1.7481854173540086,0.7306453870922581,0.09232815343693127,0.134874575235768
2016,Import/export trade,Other import/export trade_I/E,≥ 500,13.0,10758.0,60224.0,4505.0,10921.0,32820.0,12703.0,False,4632.615384615385,5.59806655512177,1.1807956869306562,0.5449654622741764,0.18133966524973433,0.21092919766206164
2016,Import/export trade,Other import/export trade_I/E,Total,62094.0,339278.0,3365010.0,124844.0,228550.0,2767918.0,345187.0,False,54.19219248236545,9.91814971793043,1.0174163959938458,0.8225586253829855,0.06791956041735389,0.10258127018939023
2016,Wholesale trade,"Food, alcoholic drinks and tobacco_W",< 10,3169.0,8228.0,23045.0,1004.0,1974.0,18983.0,2099.0,False,7.272010097822657,2.800802139037433,0.2551045211473019,0.82373616836624,0.08565849425037969,0.09108266435235408
2016,Wholesale trade,"Food, alcoholic drinks and tobacco_W",10 - 49,409.0,7247.0,19461.0,1416.0,968.0,16375.0,2146.0,False,47.58190709046455,2.6853870567131226,0.29612253346212225,0.8414264426288475,0.04974050665433431,0.11027182570268743
2016,Wholesale trade,"Food, alcoholic drinks and tobacco_W",50 - 99,18.0,1484.0,,,,,,True,,,,,,
2016,Wholesale trade,"Food, alcoholic drinks and tobacco_W",100 - 199,5.0,720.0,,,,,,True,,,,,,
2016,Wholesale trade,"Food, alcoholic drinks and tobacco_W",200 - 499,,,,,,,,False,,,,,,
2016,Wholesale trade,"Food, alcoholic drinks and tobacco_W",≥ 500,1.0,824.0,,,,,,True,,,,,,
2016,Wholesale trade,"Food, alcoholic drinks and tobacco_W",Total,3602.0,18503.0,48383.0,3102.0,3569.0,39579.0,5263.0,False,13.432259855635758,2.6148732637950602,0.2844403610225369,0.818035260318707,0.07376557881900668,0.10877787652687927
2016,Wholesale trade,"Clothing, footwear and allied products_W",< 10,1391.0,3827.0,7068.0,527.0,556.0,5750.0,755.0,False,5.081236520488857,1.8468774496995035,0.19728246668408675,0.8135257498585172,0.07866440294284098,0.10681946802490096
2016,Wholesale trade,"Clothing, footwear and allied products_W",10 - 49,13.0,261.0,423.0,76.0,65.0,223.0,116.0,False,32.53846153846154,1.6206896551724137,0.4444444444444444,0.5271867612293144,0.1536643026004728,0.27423167848699764
2016,Wholesale trade,"Clothing, footwear and allied products_W",50 - 99,4.0,317.0,,,,,,True,,,,,,
2016,Wholesale trade,"Clothing, footwear and allied products_W",100 - 199,,,,,,,,False,,,,,,
2016,Wholesale trade,"Clothing, footwear and allied products_W",200 - 499,1.0,230.0,,,,,,True,,,,,,
2016,Wholesale trade,"Clothing, footwear and allied products_W",Total,1409.0,4634.0,8419.0,750.0,768.0,6531.0,1083.0,False,5.9751596877217885,1.8167889512300388,0.23370738023305998,0.7757453379261194,0.0912222354198836,0.12863760541632022
2016,Wholesale trade,Other wholesale trade_W,< 10,8228.0,24608.0,83367.0,4558.0,4765.0,71253.0,7518.0,False,10.132109868740885,3.3878007152145644,0.3055104031209363,0.854690704955198,0.057156908608921995,0.09017956745474828
2016,Wholesale trade,Other wholesale trade_W,10 - 49,468.0,8442.0,121453.0,2618.0,2262.0,115229.0,3641.0,False,259.5149572649573,14.386756692726841,0.43129590144515517,0.9487538389335792,0.018624488485257672,0.029978674878348002
2016,Wholesale trade,Other wholesale trade_W,50 - 99,25.0,1673.0,10577.0,594.0,573.0,8697.0,1250.0,False,423.08,6.322175732217573,0.7471607890017932,0.822255838139359,0.05417415146071665,0.11818095868393684
2016,Wholesale trade,Other wholesale trade_W,100 - 199,13.0,1669.0,,,,,,True,,,,,,
2016,Wholesale trade,Other wholesale trade_W,200 - 499,5.0,1347.0,,,,,,True,,,,,,
2016,Wholesale trade,Other wholesale trade_W,≥ 500,2.0,1529.0,,,,,,True,,,,,,
2016,Wholesale trade,Other wholesale trade_W,Total,8741.0,39268.0,245856.0,9324.0,9489.0,221392.0,14727.0,False,28.126758952064982,6.260975858205154,0.3750381990424773,0.9004945984641416,0.03859576337368215,0.059900917610308475
2016,Retail trade,"Food, alcoholic drinks and tobacco_R",< 10,10445.0,22725.0,18571.0,1237.0,3224.0,12233.0,3119.0,False,1.777979894686453,0.8172057205720572,0.13724972497249724,0.6587152011200258,0.173604006246298,0.16795002961606806
2016,Retail trade,"Food, alcoholic drinks and tobacco_R",10 - 49,248.0,4743.0,5959.0,766.0,921.0,3835.0,1205.0,False,24.028225806451612,1.2563778199451823,0.2540586126923888,0.6435643564356436,0.15455613357945963,0.20221513676791408
2016,Retail trade,"Food, alcoholic drinks and tobacco_R",50 - 99,29.0,2023.0,2920.0,378.0,578.0,1723.0,618.0,False,100.6896551724138,1.4434008897676718,0.30548690064260997,0.5900684931506849,0.19794520547945205,0.21164383561643835
2016,Retail trade,"Food, alcoholic drinks and tobacco_R",100 - 199,19.0,2376.0,,,,,,True,,,,,,
2016,Retail trade,"Food, alcoholic drinks and tobacco_R",200 - 499,18.0,5599.0,,,,,,True,,,,,,
2016,Retail trade,"Food, alcoholic drinks and tobacco_R",≥ 500,11.0,33710.0,56833.0,5215.0,10375.0,39062.0,7499.0,False,5166.636363636364,1.6859388905369326,0.22245624443785228,0.6873119490436894,0.1825523903366002,0.1319479879647388
2016,Retail trade,"Food, alcoholic drinks and tobacco_R",Total,10769.0,71176.0,100614.0,8974.0,19515.0,66358.0,14757.0,False,9.342928777045222,1.413594470046083,0.207331122850399,0.6595304828353907,0.19395909118015386,0.14666944957958136
2016,Retail trade,Fuel_R,< 10,99.0,510.0,297.0,60.0,28.0,201.0,68.0,False,3.0,0.5823529411764706,0.13333333333333333,0.6767676767676768,0.09427609427609428,0.22895622895622897
2016,Retail trade,Fuel_R,10 - 49,68.0,1421.0,728.0,228.0,85.0,377.0,265.0,False,10.705882352941176,0.5123152709359606,0.1864883884588318,0.5178571428571429,0.11675824175824176,0.364010989010989
2016,Retail trade,Fuel_R,50 - 99,13.0,781.0,,,,,,True,,,,,,
2016,Retail trade,Fuel_R,100 - 199,2.0,251.0,,,,,,True,,,,,,
2016,Retail trade,Fuel_R,200 - 499,2.0,571.0,,,,,,True,,,,,,
2016,Retail trade,Fuel_R,≥ 500,,,,,,,,False,,,,,,
2016,Retail trade,Fuel_R,Total,184.0,3534.0,5319.0,523.0,214.0,4426.0,677.0,False,28.907608695652176,1.5050933786078098,0.1915676287492926,0.8321112991163753,0.040233126527542774,0.12727956382778718
2016,Retail trade,"Clothing, footwear and allied products_R",< 10,9537.0,15347.0,13313.0,739.0,4895.0,7054.0,1375.0,False,1.39593163468596,0.8674659542581612,0.08959405747051541,0.5298580335010892,0.36768572072410427,0.1032825058213776
2016,Retail trade,"Clothing, footwear and allied products_R",10 - 49,238.0,6845.0,6512.0,1525.0,2013.0,2462.0,2033.0,False,27.361344537815125,0.9513513513513514,0.29700511322132944,0.37807125307125306,0.3091216216216216,0.3121928746928747
2016,Retail trade,"Clothing, footwear and allied products_R",50 - 99,75.0,5331.0,8862.0,1488.0,3457.0,3461.0,1935.0,False,118.16,1.662352279122116,0.3629712999437254,0.3905438952832318,0.39009252990295645,0.21834800270819227
2016,Retail trade,"Clothing, footwear and allied products_R",100 - 199,34.0,4559.0,10850.0,1406.0,3881.0,5303.0,1620.0,False,319.11764705882354,2.379907874533889,0.35534108357095856,0.4887557603686636,0.3576958525345622,0.14930875576036867
2016,Retail trade,"Clothing, footwear and allied products_R",200 - 499,23.0,7322.0,15179.0,1972.0,6314.0,5805.0,1573.0,False,659.9565217391304,2.073067467904944,0.2148320131111718,0.38243626062322944,0.41596943145134724,0.10363001515251334
2016,Retail trade,"Clothing, footwear and allied products_R",≥ 500,13.0,12997.0,23692.0,2948.0,7047.0,11650.0,4413.0,False,1822.4615384615386,1.8228822035854428,0.3395398938216512,0.49172716528786087,0.29744217457369576,0.18626540604423433
2016,Retail trade,"Clothing, footwear and allied products_R",Total,9920.0,52400.0,78408.0,10078.0,27607.0,35734.0,12949.0,False,7.904032258064516,1.4963358778625955,0.24711832061068703,0.45574431180491787,0.35209417406387106,0.16514896439138863
2016,Retail trade,Transport equipment_R,< 10,823.0,1626.0,2249.0,140.0,332.0,1726.0,204.0,False,2.732685297691373,1.383148831488315,0.12546125461254612,0.7674522009782125,0.14762116496220543,0.09070698088039128
2016,Retail trade,Transport equipment_R,10 - 49,51.0,763.0,3188.0,257.0,399.0,2315.0,491.0,False,62.509803921568626,4.1782437745740495,0.6435124508519003,0.7261606022584692,0.12515683814303638,0.1540150564617315
2016,Retail trade,Transport equipment_R,50 - 99,7.0,440.0,,,,,,True,,,,,,
2016,Retail trade,Transport equipment_R,100 - 199,7.0,1066.0,,,,,,True,,,,,,
2016,Retail trade,Transport equipment_R,200 - 499,3.0,730.0,,,,,,True,,,,,,
2016,Retail trade,Transport equipment_R,≥ 500,,,,,,,,False,,,,,,
2016,Retail trade,Transport equipment_R,Total,891.0,4625.0,21523.0,1310.0,2099.0,16920.0,2525.0,False,24.15600448933782,4.653621621621622,0.5459459459459459,0.7861357617432514,0.09752357942665985,0.11731635924359987
2016,Retail trade,Other retail trade_R,< 10,22866.0,47611.0,49554.0,4525.0,9728.0,33468.0,6416.0,False,2.1671477302545266,1.0408098968725714,0.13475877423284535,0.6753844291076402,0.19631109496710658,0.12947491625297655
2016,Retail trade,Other retail trade_R,10 - 49,767.0,14381.0,36139.0,3462.0,5879.0,25260.0,5001.0,False,47.11734028683181,2.5129685001043045,0.3477505041374035,0.6989678740418938,0.1626774398848889,0.13838235701043194
2016,Retail trade,Other retail trade_R,50 - 99,210.0,12495.0,29843.0,3039.0,6859.0,15193.0,7878.0,False,142.1095238095238,2.3883953581432573,0.6304921968787515,0.5090976108300104,0.2298361424789733,0.2639815032000804
2016,Retail trade,Other retail trade_R,100 - 199,64.0,8738.0,25197.0,2367.0,7868.0,13937.0,3390.0,False,393.703125,2.883611810482948,0.38796063172350653,0.5531214033416677,0.3122593959598365,0.1345398261697821
2016,Retail trade,Other retail trade_R,200 - 499,41.0,12139.0,35589.0,4212.0,9855.0,16840.0,7629.0,False,868.0243902439024,2.931790098031139,0.6284702199522201,0.4731799151423193,0.2769114052094748,0.21436398887296637
2016,Retail trade,Other retail trade_R,≥ 500,31.0,41279.0,150156.0,11302.0,27793.0,98002.0,18294.0,False,4843.741935483871,3.637588119867245,0.44317934058480096,0.6526678920589254,0.18509416873118623,0.12183329337489011
2016,Retail trade,Other retail trade_R,Total,23979.0,136643.0,326478.0,28906.0,67983.0,202701.0,48608.0,False,13.615163267859376,2.3892771675094955,0.3557298946890803,0.6208718504769081,0.20823148879863268,0.14888598925501872
2017,Import/export trade,"Food, alcoholic drinks and tobacco_I/E",< 10,4443.0,13150.0,84401.0,2914.0,6991.0,71883.0,5725.0,False,18.996398829619626,6.4183269961977185,0.435361216730038,0.8516842217509272,0.08283077214724945,0.0678309498702622
2017,Import/export trade,"Food, alcoholic drinks and tobacco_I/E",10 - 49,618.0,12133.0,62694.0,3773.0,5184.0,46676.0,10468.0,False,101.44660194174757,5.167229868952444,0.8627709552460232,0.7445050563052286,0.082687338501292,0.1669697259705873
2017,Import/export trade,"Food, alcoholic drinks and tobacco_I/E",50 - 99,30.0,2147.0,11482.0,806.0,1546.0,8557.0,1396.0,False,382.73333333333335,5.347927340475081,0.6502095947834188,0.7452534401672183,0.13464553213725833,0.12158160599198746
2017,Import/export trade,"Food, alcoholic drinks and tobacco_I/E",100 - 199,15.0,2174.0,14602.0,940.0,1316.0,11075.0,1396.0,False,973.4666666666667,6.7166513339466425,0.6421343146274149,0.7584577455143131,0.09012464046021093,0.09560334200794411
2017,Import/export trade,"Food, alcoholic drinks and tobacco_I/E",200 - 499,8.0,2410.0,,,,,,True,,,,,,
2017,Import/export trade,"Food, alcoholic drinks and tobacco_I/E",≥ 500,1.0,1005.0,,,,,,True,,,,,,
2017,Import/export trade,"Food, alcoholic drinks and tobacco_I/E",Total,5116.0,33018.0,192213.0,10027.0,16302.0,151146.0,21203.0,False,37.5709538702111,5.82146102126113,0.6421648797625538,0.786346396965866,0.0848121615083267,0.11030991660293528
2017,Import/export trade,"Clothing, footwear and allied products_I/E",< 10,11455.0,40305.0,115186.0,10170.0,10717.0,91544.0,12219.0,False,10.055521606285465,2.8578588264483313,0.30316337923334574,0.79474936190162,0.09304082093309951,0.10608060007292552
2017,Import/export trade,"Clothing, footwear and allied products_I/E",10 - 49,1519.0,28705.0,92768.0,10375.0,13233.0,56290.0,23595.0,False,61.07175773535221,3.2317714683852987,0.8219822330604424,0.6067825112107623,0.14264617109348052,0.2543441704035874
2017,Import/export trade,"Clothing, footwear and allied products_I/E",50 - 99,97.0,6376.0,48957.0,3050.0,3443.0,37072.0,8376.0,False,504.7113402061856,7.678324968632372,1.3136762860727729,0.7572359417447965,0.07032702167207958,0.17108891476193394
2017,Import/export trade,"Clothing, footwear and allied products_I/E",100 - 199,39.0,5342.0,22587.0,2594.0,4900.0,7457.0,9941.0,False,579.1538461538462,4.228191688506177,1.860913515537252,0.3301456590073936,0.21693894718200735,0.44012042325231326
2017,Import/export trade,"Clothing, footwear and allied products_I/E",200 - 499,17.0,5084.0,,,,,,True,,,,,,
2017,Import/export trade,"Clothing, footwear and allied products_I/E",≥ 500,7.0,5496.0,,,,,,True,,,,,,
2017,Import/export trade,"Clothing, footwear and allied products_I/E",Total,13133.0,91307.0,329670.0,31692.0,39551.0,219583.0,67569.0,False,25.102413766846873,3.610566550209732,0.7400199327543343,0.6660690994024328,0.11997148663815331,0.20495950495950496
2017,Import/export trade,Other import/export trade_I/E,< 10,54062.0,158246.0,1420354.0,45687.0,95367.0,1198144.0,151876.0,False,26.272686915023492,8.975607598296323,0.9597462179138809,0.8435530860616438,0.0671431206586527,0.10692827281086265
2017,Import/export trade,Other import/export trade_I/E,10 - 49,5622.0,101369.0,1157335.0,43816.0,57665.0,1003570.0,86166.0,False,205.85823550337957,11.417050577592756,0.850023182629798,0.8671387281988361,0.049825677094359026,0.07445208172223254
2017,Import/export trade,Other import/export trade_I/E,50 - 99,501.0,30720.0,354110.0,15539.0,28819.0,278307.0,42869.0,False,706.8063872255489,11.527018229166666,1.3954752604166667,0.785933749399904,0.08138431560814437,0.1210612521532857
2017,Import/export trade,Other import/export trade_I/E,100 - 199,127.0,16777.0,246493.0,7952.0,21632.0,179144.0,36543.0,False,1940.8897637795276,14.692316862371102,2.17816057698039,0.7267711456309104,0.08775908443647487,0.1482516744897421
2017,Import/export trade,Other import/export trade_I/E,200 - 499,45.0,13086.0,224315.0,6579.0,14999.0,165468.0,37599.0,False,4984.777777777777,17.14160171175302,2.8732232920678586,0.7376590954684261,0.06686579140940195,0.1676169672112877
2017,Import/export trade,Other import/export trade_I/E,≥ 500,12.0,10204.0,62080.0,5139.0,10661.0,33875.0,13741.0,False,5173.333333333333,6.083888671109369,1.3466287730301842,0.545666881443299,0.17173002577319588,0.22134342783505154
2017,Import/export trade,Other import/export trade_I/E,Total,60371.0,330402.0,3464686.0,124714.0,229144.0,2858507.0,368793.0,False,57.38990574944924,10.486274296160435,1.1161948172226561,0.8250407107599361,0.0661370179000348,0.10644341218800203
2017,Wholesale trade,"Food, alcoholic drinks and tobacco_W",< 10,3416.0,10637.0,29608.0,1620.0,1918.0,24549.0,3176.0,False,8.66744730679157,2.7834915859734886,0.2985804268120711,0.8291340178330181,0.06477978924614969,0.10726830586328019
2017,Wholesale trade,"Food, alcoholic drinks and tobacco_W",10 - 49,210.0,3725.0,13241.0,879.0,819.0,11144.0,1327.0,False,63.05238095238095,3.5546308724832216,0.35624161073825505,0.8416282758099841,0.061853334340306626,0.10021901669058228
2017,Wholesale trade,"Food, alcoholic drinks and tobacco_W",50 - 99,31.0,1997.0,,,,,,True,,,,,,
2017,Wholesale trade,"Food, alcoholic drinks and tobacco_W",100 - 199,3.0,512.0,,,,,,True,,,,,,
2017,Wholesale trade,"Food, alcoholic drinks and tobacco_W",200 - 499,,,,,,,,False,,,,,,
2017,Wholesale trade,"Food, alcoholic drinks and tobacco_W",≥ 500,1.0,817.0,,,,,,True,,,,,,
2017,Wholesale trade,"Food, alcoholic drinks and tobacco_W",Total,3661.0,17687.0,48817.0,3318.0,3368.0,39893.0,5633.0,False,13.334334881180006,2.7600497540566518,0.31848250127212074,0.817194829669992,0.06899235921912449,0.11539013048733024
2017,Wholesale trade,"Clothing, footwear and allied products_W",< 10,1323.0,3660.0,7514.0,593.0,587.0,6103.0,811.0,False,5.679516250944823,2.0530054644808744,0.22158469945355191,0.8122171945701357,0.07812084109661964,0.10793186052701624
2017,Wholesale trade,"Clothing, footwear and allied products_W",10 - 49,10.0,217.0,370.0,66.0,44.0,205.0,98.0,False,37.0,1.705069124423963,0.45161290322580644,0.5540540540540541,0.11891891891891893,0.2648648648648649
2017,Wholesale trade,"Clothing, footwear and allied products_W",50 - 99,4.0,295.0,,,,,,True,,,,,,
2017,Wholesale trade,"Clothing, footwear and allied products_W",100 - 199,,,,,,,,False,,,,,,
2017,Wholesale trade,"Clothing, footwear and allied products_W",200 - 499,1.0,230.0,,,,,,True,,,,,,
2017,Wholesale trade,"Clothing, footwear and allied products_W",Total,1338.0,4402.0,8841.0,804.0,765.0,6905.0,1125.0,False,6.6076233183856505,2.0084052703316675,0.2555656519763744,0.7810202465784414,0.08652867322701052,0.12724804886325075
2017,Wholesale trade,Other wholesale trade_W,< 10,8348.0,25445.0,106997.0,4678.0,4484.0,95662.0,7169.0,False,12.817081935793004,4.205030457850265,0.2817449400668108,0.8940624503490752,0.04190771703879548,0.06700187855734273
2017,Wholesale trade,Other wholesale trade_W,10 - 49,486.0,8610.0,111411.0,2661.0,2268.0,104868.0,4276.0,False,229.24074074074073,12.939721254355401,0.49663182346109175,0.9412715081993699,0.020357056305032716,0.03838041126998232
2017,Wholesale trade,Other wholesale trade_W,50 - 99,25.0,1760.0,12182.0,635.0,611.0,10097.0,1402.0,False,487.28,6.921590909090909,0.7965909090909091,0.8288458381218191,0.0501559678213758,0.1150878345099327
2017,Wholesale trade,Other wholesale trade_W,100 - 199,11.0,1488.0,,,,,,True,,,,,,
2017,Wholesale trade,Other wholesale trade_W,200 - 499,4.0,1069.0,,,,,,True,,,,,,
2017,Wholesale trade,Other wholesale trade_W,≥ 500,2.0,1851.0,,,,,,True,,,,,,
2017,Wholesale trade,Other wholesale trade_W,Total,8877.0,40223.0,252608.0,9440.0,9124.0,228530.0,15159.0,False,28.45646051594007,6.280187952166671,0.37687392785222384,0.9046823536863441,0.03611920445908285,0.0600099759310869
2017,Retail trade,"Food, alcoholic drinks and tobacco_R",< 10,9919.0,22824.0,17962.0,1349.0,3124.0,11531.0,3117.0,False,1.8108680310515173,0.7869786189975464,0.13656677181913776,0.6419663734550718,0.17392272575437034,0.17353301414096425
2017,Retail trade,"Food, alcoholic drinks and tobacco_R",10 - 49,229.0,4066.0,6099.0,785.0,923.0,4072.0,1116.0,False,26.633187772925766,1.5,0.2744712247909493,0.6676504344974586,0.15133628463682572,0.18298081652729956
2017,Retail trade,"Food, alcoholic drinks and tobacco_R",50 - 99,32.0,2150.0,2790.0,432.0,618.0,1532.0,643.0,False,87.1875,1.2976744186046512,0.2990697674418605,0.5491039426523298,0.221505376344086,0.23046594982078852
2017,Retail trade,"Food, alcoholic drinks and tobacco_R",100 - 199,25.0,3408.0,5319.0,552.0,2051.0,1433.0,1853.0,False,212.76,1.5607394366197183,0.5437206572769953,0.26941154352321867,0.3855987967663095,0.34837375446512503
2017,Retail trade,"Food, alcoholic drinks and tobacco_R",200 - 499,19.0,5730.0,14512.0,1072.0,4239.0,8536.0,1613.0,False,763.7894736842105,2.532635253054101,0.28150087260034906,0.5882028665931642,0.2921030871003308,0.11114939360529218
2017,Retail trade,"Food, alcoholic drinks and tobacco_R",≥ 500,11.0,33523.0,57764.0,5340.0,10317.0,39787.0,7763.0,False,5251.272727272727,1.723115472958864,0.231572353309668,0.6887854026729451,0.17860605221245066,0.1343916626272419
2017,Retail trade,"Food, alcoholic drinks and tobacco_R",Total,10235.0,71702.0,104447.0,9531.0,21272.0,66890.0,16104.0,False,10.204885197850514,1.4566818219854398,0.22459624557195057,0.6404205003494595,0.20366310186027364,0.15418346146849599
2017,Retail trade,Fuel_R,< 10,97.0,262.0,207.0,27.0,25.0,139.0,44.0,False,2.134020618556701,0.7900763358778626,0.16793893129770993,0.6714975845410628,0.12077294685990338,0.21256038647342995
2017,Retail trade,Fuel_R,10 - 49,79.0,1844.0,848.0,283.0,92.0,432.0,323.0,False,10.734177215189874,0.4598698481561822,0.17516268980477223,0.5094339622641509,0.10849056603773585,0.38089622641509435
2017,Retail trade,Fuel_R,50 - 99,11.0,746.0,,,,,,True,,,,,,
2017,Retail trade,Fuel_R,100 - 199,,,,,,,,False,,,,,,
2017,Retail trade,Fuel_R,200 - 499,2.0,548.0,,,,,,True,,,,,,
2017,Retail trade,Fuel_R,≥ 500,,,,,,,,False,,,,,,
2017,Retail trade,Fuel_R,Total,189.0,3399.0,5658.0,531.0,204.0,4774.0,679.0,False,29.936507936507937,1.6646072374227714,0.19976463665784053,0.8437610463061153,0.036055143160127257,0.12000706963591375
2017,Retail trade,"Clothing, footwear and allied products_R",< 10,8787.0,16405.0,13881.0,1252.0,5190.0,6922.0,1787.0,False,1.5797200409696142,0.8461444681499543,0.10893020420603475,0.4986672429940206,0.3738923708666523,0.12873712268568546
2017,Retail trade,"Clothing, footwear and allied products_R",10 - 49,248.0,4707.0,6348.0,1036.0,2278.0,2541.0,1520.0,False,25.596774193548388,1.348629700446144,0.3229233057148927,0.4002835538752363,0.3588531821045999,0.23944549464398235
2017,Retail trade,"Clothing, footwear and allied products_R",50 - 99,83.0,5544.0,,,,,,True,,,,,,
2017,Retail trade,"Clothing, footwear and allied products_R",100 - 199,31.0,4198.0,12174.0,1395.0,3977.0,5544.0,2195.0,False,392.7096774193548,2.899952358265841,0.5228680323963792,0.4553967471660917,0.32667980942993263,0.18030228355511746
2017,Retail trade,"Clothing, footwear and allied products_R",200 - 499,18.0,5794.0,,,,,,True,,,,,,
2017,Retail trade,"Clothing, footwear and allied products_R",≥ 500,13.0,12681.0,23831.0,2947.0,7107.0,11707.0,4403.0,False,1833.1538461538462,1.8792681965144704,0.34721236495544516,0.4912508916956905,0.29822500104905375,0.1847593470689438
2017,Retail trade,"Clothing, footwear and allied products_R",Total,9180.0,49328.0,75926.0,9451.0,26804.0,34368.0,13641.0,False,8.270806100217865,1.5392069412909504,0.2765366526110931,0.4526512657060822,0.35302794826541634,0.1796617759397308
2017,Retail trade,Transport equipment_R,< 10,806.0,1650.0,2526.0,222.0,472.0,1732.0,323.0,False,3.133995037220844,1.530909090909091,0.19575757575757577,0.6856690419635788,0.1868566904196358,0.1278701504354711
2017,Retail trade,Transport equipment_R,10 - 49,34.0,719.0,3230.0,190.0,324.0,2524.0,394.0,False,95.0,4.492350486787204,0.5479833101529903,0.7814241486068112,0.10030959752321982,0.12198142414860681
2017,Retail trade,Transport equipment_R,50 - 99,6.0,378.0,,,,,,True,,,,,,
2017,Retail trade,Transport equipment_R,100 - 199,9.0,1335.0,7413.0,608.0,810.0,5625.0,986.0,False,823.6666666666666,5.552808988764045,0.7385767790262172,0.7588021044111696,0.10926750303520842,0.13300957776878458
2017,Retail trade,Transport equipment_R,200 - 499,2.0,485.0,,,,,,True,,,,,,
2017,Retail trade,Transport equipment_R,≥ 500,,,,,,,,False,,,,,,
2017,Retail trade,Transport equipment_R,Total,857.0,4567.0,22335.0,1377.0,2115.0,17756.0,2464.0,False,26.061843640606767,4.890518940223341,0.5395226625793738,0.794985448847101,0.09469442578912021,0.11032012536377882
2017,Retail trade,Other retail trade_R,< 10,22634.0,45512.0,48947.0,4332.0,10115.0,32604.0,6329.0,False,2.1625430767871343,1.0754746001054667,0.1390622253471612,0.6661082395243835,0.2066520930802705,0.12930312378695324
2017,Retail trade,Other retail trade_R,10 - 49,1019.0,17448.0,41142.0,4354.0,6499.0,28534.0,6186.0,False,40.37487733071639,2.357977991746905,0.3545392022008253,0.6935491711632881,0.15796509649506588,0.15035729911039813
2017,Retail trade,Other retail trade_R,50 - 99,159.0,10927.0,34416.0,2949.0,8519.0,19881.0,5999.0,False,216.45283018867926,3.1496293584698454,0.5490070467648943,0.5776673640167364,0.24753021850302184,0.1743084611808461
2017,Retail trade,Other retail trade_R,100 - 199,60.0,8384.0,22671.0,2365.0,6581.0,12706.0,3350.0,False,377.85,2.7040791984732824,0.3995706106870229,0.5604516783556085,0.29028274006439947,0.14776586828988575
2017,Retail trade,Other retail trade_R,200 - 499,41.0,12752.0,42664.0,4422.0,10957.0,21543.0,8568.0,False,1040.5853658536585,3.3456712672521958,0.6718946047678795,0.50494562160135,0.2568207387961748,0.20082505156572286
2017,Retail trade,Other retail trade_R,≥ 500,31.0,40488.0,154119.0,11898.0,28586.0,101218.0,20759.0,False,4971.580645161291,3.8065352697095434,0.5127198182177435,0.6567522498848293,0.18548005112932214,0.1346946190930385
2017,Retail trade,Other retail trade_R,Total,23943.0,135511.0,343959.0,30321.0,71256.0,216485.0,51191.0,False,14.365743641147725,2.5382367483082553,0.3777626908516652,0.6293918751944273,0.2071642259687928,0.14882878482609846
2018,Import/export trade,"Food, alcoholic drinks and tobacco_I/E",< 10,4379.0,12653.0,82242.0,2587.0,4547.0,73069.0,4682.0,False,18.78100022836264,6.499802418398799,0.3700308227297874,0.8884633155808468,0.05528805233335765,0.05692954937866297
2018,Import/export trade,"Food, alcoholic drinks and tobacco_I/E",10 - 49,708.0,12334.0,72786.0,4402.0,6481.0,54270.0,11532.0,False,102.80508474576271,5.901248581157775,0.9349764877574185,0.7456104195861841,0.08904184870716896,0.15843706207237657
2018,Import/export trade,"Food, alcoholic drinks and tobacco_I/E",50 - 99,28.0,1912.0,11744.0,730.0,1370.0,9065.0,1328.0,False,419.42857142857144,6.142259414225942,0.694560669456067,0.771883514986376,0.11665531335149863,0.11307901907356949
2018,Import/export trade,"Food, alcoholic drinks and tobacco_I/E",100 - 199,18.0,2356.0,17090.0,999.0,1514.0,12969.0,2263.0,False,949.4444444444445,7.253820033955857,0.9605263157894737,0.7588648332358104,0.08858981860737274,0.13241661790520773
2018,Import/export trade,"Food, alcoholic drinks and tobacco_I/E",200 - 499,8.0,2328.0,,,,,,True,,,,,,
2018,Import/export trade,"Food, alcoholic drinks and tobacco_I/E",≥ 500,2.0,1764.0,,,,,,True,,,,,,
2018,Import/export trade,"Food, alcoholic drinks and tobacco_I/E",Total,5144.0,33347.0,203524.0,10504.0,15682.0,161954.0,22475.0,False,39.56531881804044,6.103217680750892,0.6739736707949741,0.7957489043061261,0.07705233780782611,0.11042923684676009
2018,Import/export trade,"Clothing, footwear and allied products_I/E",< 10,11427.0,37176.0,89953.0,9892.0,11577.0,60401.0,19076.0,False,7.871969895860681,2.41965246395524,0.5131267484398536,0.671472880281925,0.12870054361722233,0.21206630129067403
2018,Import/export trade,"Clothing, footwear and allied products_I/E",10 - 49,1441.0,28612.0,117476.0,10383.0,10650.0,89403.0,18072.0,False,81.52394170714781,4.105829721795051,0.6316230952048092,0.7610320405870136,0.09065681500902312,0.15383567707446627
2018,Import/export trade,"Clothing, footwear and allied products_I/E",50 - 99,89.0,6073.0,44841.0,2683.0,3676.0,33048.0,7757.0,False,503.8314606741573,7.383665404248312,1.2772929359459904,0.7370040810865056,0.08197854641957138,0.1729890055975558
2018,Import/export trade,"Clothing, footwear and allied products_I/E",100 - 199,45.0,5954.0,28017.0,2994.0,3912.0,7622.0,15813.0,False,622.6,4.705576083305341,2.655861605643265,0.2720491130385123,0.13962951065424564,0.5644073241246386
2018,Import/export trade,"Clothing, footwear and allied products_I/E",200 - 499,19.0,6028.0,,,,,,True,,,,,,
2018,Import/export trade,"Clothing, footwear and allied products_I/E",≥ 500,6.0,4790.0,,,,,,True,,,,,,
2018,Import/export trade,"Clothing, footwear and allied products_I/E",Total,13026.0,88633.0,328185.0,31398.0,37430.0,218302.0,73013.0,False,25.194610778443113,3.702740514255413,0.8237676711834193,0.6651797004738181,0.1140515258162317,0.2224751283574813
2018,Import/export trade,Other import/export trade_I/E,< 10,53378.0,151054.0,1532297.0,44543.0,86343.0,1356129.0,93209.0,False,28.70652703360935,10.144034583658824,0.6170574761343626,0.8850301214451245,0.056348736569999155,0.06082959113017907
2018,Import/export trade,Other import/export trade_I/E,10 - 49,6453.0,112579.0,1013838.0,49070.0,53917.0,810779.0,146440.0,False,157.11111111111111,9.005569422361186,1.3007754554579452,0.7997125773545675,0.053181080212025986,0.14444122236491433
2018,Import/export trade,Other import/export trade_I/E,50 - 99,351.0,23878.0,582823.0,11805.0,58339.0,453109.0,69825.0,False,1660.4643874643875,24.40836753496943,2.924239886087612,0.7774384332807731,0.10009728511057388,0.1198048120956105
2018,Import/export trade,Other import/export trade_I/E,100 - 199,110.0,14821.0,409575.0,8271.0,24461.0,349781.0,22386.0,False,3723.409090909091,27.634774981445247,1.5104243978139127,0.8540096441433193,0.05972288347677471,0.05465665629005677
2018,Import/export trade,Other import/export trade_I/E,200 - 499,44.0,12715.0,130243.0,10334.0,14974.0,79675.0,29419.0,False,2960.068181818182,10.24325599685411,2.313723948092804,0.6117411300415377,0.11496971046428599,0.22587778229924066
2018,Import/export trade,Other import/export trade_I/E,≥ 500,12.0,10118.0,60577.0,6052.0,8221.0,29042.0,21512.0,False,5048.083333333333,5.987052777228701,2.1261118798181458,0.4794228832725292,0.13571157369958894,0.35511827921488354
2018,Import/export trade,Other import/export trade_I/E,Total,60348.0,325165.0,3729353.0,130074.0,246254.0,3078514.0,382791.0,False,61.79745807648969,11.46910952900835,1.177220795596082,0.8254820608293181,0.066031292827469,0.10264273722546512
2018,Wholesale trade,"Food, alcoholic drinks and tobacco_W",< 10,3413.0,10222.0,28760.0,1644.0,1869.0,23554.0,3288.0,False,8.426604160562555,2.8135394247701035,0.32165916650361964,0.8189847009735745,0.06498609179415855,0.11432545201668985
2018,Wholesale trade,"Food, alcoholic drinks and tobacco_W",10 - 49,305.0,4804.0,16058.0,1101.0,1073.0,13436.0,1576.0,False,52.649180327868855,3.34263114071607,0.32805995004163196,0.8367169012330302,0.06682027649769585,0.09814422717648524
2018,Wholesale trade,"Food, alcoholic drinks and tobacco_W",50 - 99,28.0,1827.0,,,,,,True,,,,,,
2018,Wholesale trade,"Food, alcoholic drinks and tobacco_W",100 - 199,2.0,323.0,,,,,,True,,,,,,
2018,Wholesale trade,"Food, alcoholic drinks and tobacco_W",200 - 499,,,,,,,,False,,,,,,
2018,Wholesale trade,"Food, alcoholic drinks and tobacco_W",≥ 500,1.0,823.0,,,,,,True,,,,,,
2018,Wholesale trade,"Food, alcoholic drinks and tobacco_W",Total,3750.0,18000.0,51404.0,3426.0,3609.0,41878.0,5914.0,False,13.707733333333334,2.855777777777778,0.32855555555555555,0.8146836822037196,0.0702085440821726,0.11504941249708193
2018,Wholesale trade,"Clothing, footwear and allied products_W",< 10,1359.0,2865.0,7149.0,393.0,554.0,6119.0,480.0,False,5.260485651214128,2.4952879581151834,0.16753926701570682,0.8559239054413205,0.07749335571408589,0.06714225765841376
2018,Wholesale trade,"Clothing, footwear and allied products_W",10 - 49,58.0,1409.0,1415.0,359.0,164.0,733.0,507.0,False,24.396551724137932,1.0042583392476934,0.3598296664300923,0.5180212014134276,0.11590106007067137,0.35830388692579507
2018,Wholesale trade,"Clothing, footwear and allied products_W",50 - 99,4.0,278.0,,,,,,True,,,,,,
2018,Wholesale trade,"Clothing, footwear and allied products_W",100 - 199,,,,,,,,False,,,,,,
2018,Wholesale trade,"Clothing, footwear and allied products_W",200 - 499,1.0,230.0,,,,,,True,,,,,,
2018,Wholesale trade,"Clothing, footwear and allied products_W",Total,1421.0,4781.0,9714.0,888.0,868.0,7579.0,1259.0,False,6.836030964109782,2.031792512026773,0.26333403053754445,0.7802141239448219,0.08935556928144946,0.12960675313979822
2018,Wholesale trade,Other wholesale trade_W,< 10,7821.0,20178.0,139232.0,3906.0,4132.0,129189.0,6028.0,False,17.802327068149854,6.9001883239171375,0.29874120329071263,0.9278685934267984,0.029677085727418985,0.04329464490921627
2018,Wholesale trade,Other wholesale trade_W,10 - 49,575.0,12182.0,80586.0,3523.0,3264.0,71849.0,5608.0,False,140.1495652173913,6.615169922836973,0.4603513380397308,0.891581664308937,0.04050331323058596,0.06959025140843322
2018,Wholesale trade,Other wholesale trade_W,50 - 99,34.0,2459.0,21613.0,925.0,1018.0,18711.0,1957.0,False,635.6764705882352,8.78934526230175,0.7958519723464823,0.8657289594225698,0.04710128163605238,0.09054735575810854
2018,Wholesale trade,Other wholesale trade_W,100 - 199,14.0,1818.0,,,,,,True,,,,,,
2018,Wholesale trade,Other wholesale trade_W,200 - 499,4.0,1073.0,,,,,,True,,,,,,
2018,Wholesale trade,Other wholesale trade_W,≥ 500,2.0,1881.0,,,,,,True,,,,,,
2018,Wholesale trade,Other wholesale trade_W,Total,8450.0,39592.0,263037.0,9959.0,10353.0,236696.0,16404.0,False,31.12863905325444,6.6436906445746615,0.41432612649020006,0.8998581948547163,0.039359481745914075,0.062363849952668256
2018,Retail trade,"Food, alcoholic drinks and tobacco_R",< 10,9217.0,20927.0,19366.0,1524.0,3184.0,11779.0,4418.0,False,2.101117500271238,0.9254073684713527,0.21111482773450566,0.608230920169369,0.1644118558298048,0.22813177734173293
2018,Retail trade,"Food, alcoholic drinks and tobacco_R",10 - 49,442.0,6854.0,6448.0,902.0,1197.0,4516.0,746.0,False,14.588235294117647,0.9407645170703239,0.10884155237817333,0.7003722084367245,0.18563895781637718,0.11569478908188585
2018,Retail trade,"Food, alcoholic drinks and tobacco_R",50 - 99,34.0,2248.0,,,,,,True,,,,,,
2018,Retail trade,"Food, alcoholic drinks and tobacco_R",100 - 199,15.0,2124.0,2539.0,436.0,612.0,1296.0,649.0,False,169.26666666666668,1.195386064030132,0.3055555555555556,0.5104371799921229,0.2410397794407247,0.2556124458448208
2018,Retail trade,"Food, alcoholic drinks and tobacco_R",200 - 499,17.0,5666.0,,,,,,True,,,,,,
2018,Retail trade,"Food, alcoholic drinks and tobacco_R",≥ 500,11.0,32812.0,,,,,,True,,,,,,
2018,Retail trade,"Food, alcoholic drinks and tobacco_R",Total,9735.0,70630.0,109974.0,10236.0,21880.0,70770.0,17070.0,False,11.296764252696455,1.5570437491151068,0.2416820048138185,0.6435157400840199,0.19895611690035828,0.15521850619237273
2018,Retail trade,Fuel_R,< 10,106.0,445.0,345.0,68.0,38.0,232.0,75.0,False,3.2547169811320753,0.7752808988764045,0.16853932584269662,0.672463768115942,0.11014492753623188,0.21739130434782608
2018,Retail trade,Fuel_R,10 - 49,67.0,1380.0,879.0,233.0,78.0,534.0,267.0,False,13.119402985074627,0.6369565217391304,0.1934782608695652,0.6075085324232082,0.08873720136518772,0.3037542662116041
2018,Retail trade,Fuel_R,50 - 99,14.0,939.0,,,,,,True,,,,,,
2018,Retail trade,Fuel_R,100 - 199,,,,,,,,False,,,,,,
2018,Retail trade,Fuel_R,200 - 499,2.0,580.0,,,,,,True,,,,,,
2018,Retail trade,Fuel_R,≥ 500,,,,,,,,False,,,,,,
2018,Retail trade,Fuel_R,Total,189.0,3344.0,6226.0,568.0,217.0,5298.0,707.0,False,32.94179894179894,1.861842105263158,0.21142344497607657,0.8509476389335047,0.03485383874076454,0.11355605525216833
2018,Retail trade,"Clothing, footwear and allied products_R",< 10,8546.0,15186.0,13731.0,1104.0,4528.0,7594.0,1525.0,False,1.6067165925579219,0.9041880679573291,0.10042144080073752,0.5530551307260942,0.3297647658582769,0.11106255917267496
2018,Retail trade,"Clothing, footwear and allied products_R",10 - 49,327.0,6501.0,9242.0,1450.0,3593.0,3470.0,2126.0,False,28.262996941896024,1.4216274419320105,0.3270266112905707,0.3754598571737719,0.3887686647911707,0.23003678857390175
2018,Retail trade,"Clothing, footwear and allied products_R",50 - 99,101.0,6266.0,10572.0,2129.0,4960.0,3967.0,1599.0,False,104.67326732673267,1.6872007660389403,0.2551867219917012,0.3752364737041241,0.4691638289822172,0.15124858115777526
2018,Retail trade,"Clothing, footwear and allied products_R",100 - 199,30.0,4123.0,14039.0,1356.0,4457.0,6903.0,2248.0,False,467.96666666666664,3.4050448702401166,0.5452340528741207,0.49170168815442694,0.3174727544696916,0.16012536505449107
2018,Retail trade,"Clothing, footwear and allied products_R",200 - 499,18.0,5542.0,8534.0,1462.0,4038.0,2976.0,1553.0,False,474.1111111111111,1.539877300613497,0.2802237459400938,0.3487227560346848,0.4731661588938364,0.18197797047105696
2018,Retail trade,"Clothing, footwear and allied products_R",≥ 500,14.0,13922.0,24515.0,2937.0,7336.0,11212.0,5858.0,False,1751.0714285714287,1.7608820571756931,0.42077287746013503,0.4573526412400571,0.29924535998368346,0.23895574138282685
2018,Retail trade,"Clothing, footwear and allied products_R",Total,9035.0,51540.0,80633.0,10437.0,28913.0,36122.0,14909.0,False,8.924515771997786,1.5644741948001553,0.2892704695382227,0.4479803554376,0.3585752731511912,0.18489948284201257
2018,Retail trade,Transport equipment_R,< 10,863.0,1554.0,2930.0,161.0,482.0,2047.0,404.0,False,3.39513325608343,1.8854568854568854,0.25997425997426,0.6986348122866894,0.1645051194539249,0.1378839590443686
2018,Retail trade,Transport equipment_R,10 - 49,49.0,836.0,3071.0,291.0,375.0,2368.0,342.0,False,62.673469387755105,3.673444976076555,0.4090909090909091,0.7710843373493976,0.12211006186909801,0.11136437642461738
2018,Retail trade,Transport equipment_R,50 - 99,11.0,752.0,,,,,,True,,,,,,
2018,Retail trade,Transport equipment_R,100 - 199,8.0,1080.0,10407.0,418.0,627.0,8759.0,1019.0,False,1300.875,9.636111111111111,0.9435185185185185,0.8416450466032478,0.060247910060536175,0.09791486499471509
2018,Retail trade,Transport equipment_R,200 - 499,,,,,,,,False,,,,,,
2018,Retail trade,Transport equipment_R,≥ 500,1.0,529.0,,,,,,True,,,,,,
2018,Retail trade,Transport equipment_R,Total,931.0,4751.0,24106.0,1511.0,2267.0,19288.0,2583.0,False,25.892588614393127,5.073879183329825,0.5436750157861503,0.8001327470339334,0.09404297685223596,0.10715174645316519
2018,Retail trade,Other retail trade_R,< 10,23185.0,49895.0,54625.0,5251.0,11247.0,36738.0,6651.0,False,2.356049169721803,1.0947990780639343,0.13329992985269065,0.6725491990846681,0.20589473684210527,0.12175743707093821
2018,Retail trade,Other retail trade_R,10 - 49,708.0,14196.0,44003.0,4441.0,8350.0,28828.0,6902.0,False,62.15112994350282,3.0996759650605803,0.48619329388560156,0.6551371497397904,0.18975978910528826,0.15685294184487422
2018,Retail trade,Other retail trade_R,50 - 99,151.0,10696.0,34131.0,3287.0,8005.0,20014.0,5916.0,False,226.03311258278146,3.1910059835452507,0.5531039640987285,0.5863877413495063,0.23453751721309074,0.17333216137821922
2018,Retail trade,Other retail trade_R,100 - 199,62.0,8231.0,20218.0,2374.0,6097.0,10421.0,3771.0,False,326.0967741935484,2.4563236544769773,0.4581460332887863,0.5154317934513799,0.30156296369571667,0.18651696508062124
2018,Retail trade,Other retail trade_R,200 - 499,48.0,14621.0,55499.0,4605.0,13407.0,28314.0,10829.0,False,1156.2291666666667,3.7958415977019357,0.740647014568087,0.5101713544388187,0.24157192021477863,0.19512063280419467
2018,Retail trade,Other retail trade_R,≥ 500,32.0,42296.0,171372.0,13325.0,29685.0,117301.0,20601.0,False,5355.375,4.051730660109703,0.48706733497257426,0.6844817122983918,0.17321966248862125,0.12021217001610532
2018,Retail trade,Other retail trade_R,Total,24186.0,139936.0,379848.0,33283.0,76792.0,241616.0,54670.0,False,15.70528404862317,2.714440887262749,0.39067859592956783,0.6360860133527095,0.20216507655693858,0.14392599144921125
2019,Import/export trade,"Food, alcoholic drinks and tobacco_I/E",< 10,3841.0,9618.0,68179.0,2082.0,3361.0,60165.0,4714.0,False,17.750325436084353,7.088687876897484,0.49012268662923686,0.8824564748676279,0.049296704263776234,0.06914152451634667
2019,Import/export trade,"Food, alcoholic drinks and tobacco_I/E",10 - 49,871.0,14043.0,79084.0,4624.0,6620.0,60841.0,11097.0,False,90.79678530424799,5.631560207932778,0.7902157658619953,0.7693212280613019,0.08370846188862476,0.14031915431692885
2019,Import/export trade,"Food, alcoholic drinks and tobacco_I/E",50 - 99,28.0,2082.0,12890.0,628.0,1147.0,10744.0,1047.0,False,460.35714285714283,6.191162343900096,0.5028818443804035,0.8335143522110163,0.08898370830100853,0.08122575640031032
2019,Import/export trade,"Food, alcoholic drinks and tobacco_I/E",100 - 199,14.0,1940.0,9107.0,771.0,1078.0,5959.0,2060.0,False,650.5,4.694329896907217,1.0618556701030928,0.6543318326561985,0.11837048424289008,0.22619962666081037
2019,Import/export trade,"Food, alcoholic drinks and tobacco_I/E",200 - 499,6.0,1555.0,,,,,,True,,,,,,
2019,Import/export trade,"Food, alcoholic drinks and tobacco_I/E",≥ 500,2.0,1668.0,,,,,,True,,,,,,
2019,Import/export trade,"Food, alcoholic drinks and tobacco_I/E",Total,4763.0,30906.0,187973.0,9869.0,13730.0,150434.0,21100.0,False,39.46525299181188,6.082087620526758,0.6827153303565651,0.8002957871609221,0.07304240502625377,0.11225016358732372
2019,Import/export trade,"Clothing, footwear and allied products_I/E",< 10,10334.0,27713.0,47935.0,6589.0,7024.0,30325.0,10666.0,False,4.638571705051287,1.729693645581496,0.3848735250604409,0.6326275164284969,0.14653176176071764,0.2225096484823198
2019,Import/export trade,"Clothing, footwear and allied products_I/E",10 - 49,1428.0,32923.0,139624.0,11774.0,13242.0,105002.0,23120.0,False,97.77591036414566,4.240925796555599,0.7022446314126902,0.7520340342634504,0.09484042857961382,0.165587578066808
2019,Import/export trade,"Clothing, footwear and allied products_I/E",50 - 99,82.0,5928.0,39930.0,2888.0,4480.0,26691.0,8938.0,False,486.9512195121951,6.73582995951417,1.5077597840755737,0.6684447783621338,0.11219634360130228,0.22384172301527674
2019,Import/export trade,"Clothing, footwear and allied products_I/E",100 - 199,40.0,5237.0,23688.0,2865.0,3681.0,7226.0,12398.0,False,592.2,4.523200305518427,2.367385907962574,0.30504896994258696,0.1553951367781155,0.52338736913205
2019,Import/export trade,"Clothing, footwear and allied products_I/E",200 - 499,19.0,5758.0,37969.0,2876.0,5894.0,20377.0,11637.0,False,1998.3684210526317,6.594129906217437,2.021014241055922,0.5366746556401275,0.15523189970765625,0.30648687086834
2019,Import/export trade,"Clothing, footwear and allied products_I/E",≥ 500,6.0,4269.0,9245.0,2485.0,2631.0,3676.0,2964.0,False,1540.8333333333333,2.1656125556336376,0.6943078004216444,0.39762033531638724,0.28458626284478095,0.320605732828556
2019,Import/export trade,"Clothing, footwear and allied products_I/E",Total,11910.0,81828.0,298391.0,29477.0,36952.0,193297.0,69723.0,False,25.053820319059614,3.6465635234882927,0.8520677518697757,0.6477976882680778,0.12383751520655784,0.23366321370282617
2019,Import/export trade,Other import/export trade_I/E,< 10,51604.0,154664.0,1391842.0,48222.0,78011.0,1201039.0,117147.0,False,26.97159134950779,8.999133605751823,0.7574290073966793,0.8629133191842178,0.056048746912365055,0.08416688101091935
2019,Import/export trade,Other import/export trade_I/E,10 - 49,5860.0,108532.0,1011186.0,43947.0,66148.0,830932.0,106818.0,False,172.55733788395904,9.316938783031732,0.9842074226956105,0.8217400161790215,0.06541625378515921,0.10563635176911072
2019,Import/export trade,Other import/export trade_I/E,50 - 99,288.0,19985.0,408850.0,10558.0,25684.0,335607.0,45121.0,False,1419.6180555555557,20.457843382536904,2.2577433074806104,0.8208560596795891,0.06282010517304636,0.11036076800782683
2019,Import/export trade,Other import/export trade_I/E,100 - 199,129.0,17282.0,347671.0,10552.0,22525.0,285378.0,28655.0,False,2695.124031007752,20.117521120240713,1.6580835551440805,0.8208277365670418,0.06478826246652726,0.0824198739613025
2019,Import/export trade,Other import/export trade_I/E,200 - 499,34.0,9848.0,235167.0,5303.0,12325.0,180797.0,34472.0,False,6916.676470588235,23.879670999187653,3.5004061738424044,0.7688025956022742,0.052409564267095296,0.14658519265032935
2019,Import/export trade,Other import/export trade_I/E,≥ 500,11.0,9947.0,79348.0,5258.0,16216.0,33501.0,27916.0,False,7213.454545454545,7.977078516135518,2.8064743138634762,0.42220345818420124,0.20436557947270254,0.3518173110853456
2019,Import/export trade,Other import/export trade_I/E,Total,57927.0,320258.0,3474065.0,123841.0,220910.0,2867254.0,360128.0,False,59.97315586859323,10.847707161101361,1.1244933772146206,0.8253311322614861,0.06358833240022856,0.10366184858371964
2019,Wholesale trade,"Food, alcoholic drinks and tobacco_W",< 10,3149.0,8931.0,17743.0,1281.0,1243.0,14426.0,2038.0,False,5.634487138774214,1.9866756242302095,0.2281939312506998,0.8130530349997181,0.07005579665220087,0.11486219917714029
2019,Wholesale trade,"Food, alcoholic drinks and tobacco_W",10 - 49,336.0,5568.0,,,,,,True,,,,,,
2019,Wholesale trade,"Food, alcoholic drinks and tobacco_W",50 - 99,20.0,1408.0,,,,,,True,,,,,,
2019,Wholesale trade,"Food, alcoholic drinks and tobacco_W",100 - 199,2.0,311.0,,,,,,True,,,,,,
2019,Wholesale trade,"Food, alcoholic drinks and tobacco_W",200 - 499,,,,,,,,False,,,,,,
2019,Wholesale trade,"Food, alcoholic drinks and tobacco_W",≥ 500,1.0,821.0,,,,,,True,,,,,,
2019,Wholesale trade,"Food, alcoholic drinks and tobacco_W",Total,3508.0,17038.0,46322.0,3446.0,3399.0,37281.0,5604.0,False,13.204675028506271,2.718746331729076,0.3289118441131588,0.8048227624023142,0.07337766072276672,0.12097923233021027
2019,Wholesale trade,"Clothing, footwear and allied products_W",< 10,1250.0,3484.0,6799.0,593.0,565.0,5443.0,752.0,False,5.4392,1.9514925373134329,0.2158438576349024,0.8005589057214296,0.08310045594940432,0.11060450066186203
2019,Wholesale trade,"Clothing, footwear and allied products_W",10 - 49,33.0,431.0,,,,,,True,,,,,,
2019,Wholesale trade,"Clothing, footwear and allied products_W",50 - 99,2.0,198.0,,,,,,True,,,,,,
2019,Wholesale trade,"Clothing, footwear and allied products_W",100 - 199,,,,,,,,False,,,,,,
2019,Wholesale trade,"Clothing, footwear and allied products_W",200 - 499,1.0,230.0,,,,,,True,,,,,,
2019,Wholesale trade,"Clothing, footwear and allied products_W",Total,1286.0,4343.0,8258.0,869.0,760.0,6323.0,1144.0,False,6.421461897356143,1.9014506101772968,0.26341238775040293,0.7656817631387746,0.09203196899975781,0.13853233228384595
2019,Wholesale trade,Other wholesale trade_W,< 10,7844.0,20382.0,134445.0,4334.0,4498.0,123614.0,6791.0,False,17.13985211626721,6.596261407123933,0.3331861446374252,0.9194391758711741,0.03345606009892521,0.05051136152329949
2019,Wholesale trade,Other wholesale trade_W,10 - 49,578.0,9437.0,65819.0,2931.0,2413.0,58934.0,4438.0,False,113.87370242214533,6.974568189043128,0.470276570944156,0.8953949467478995,0.03666114647746092,0.06742733861043164
2019,Wholesale trade,Other wholesale trade_W,50 - 99,31.0,2124.0,16306.0,799.0,955.0,13877.0,1363.0,False,526.0,7.6770244821092275,0.641713747645951,0.851036428308598,0.0585673985036183,0.08358886299521648
2019,Wholesale trade,Other wholesale trade_W,100 - 199,18.0,2439.0,,,,,,True,,,,,,
2019,Wholesale trade,Other wholesale trade_W,200 - 499,3.0,794.0,,,,,,True,,,,,,
2019,Wholesale trade,Other wholesale trade_W,≥ 500,2.0,1828.0,,,,,,True,,,,,,
2019,Wholesale trade,Other wholesale trade_W,Total,8476.0,37003.0,237870.0,9885.0,9775.0,213118.0,15148.0,False,28.063945257196792,6.428397697483987,0.4093722130638056,0.895943162231471,0.04109387480556607,0.06368184302350023
2019,Retail trade,"Food, alcoholic drinks and tobacco_R",< 10,9490.0,24231.0,19936.0,1586.0,3211.0,12945.0,3764.0,False,2.1007376185458377,0.8227477198629854,0.1553382031282242,0.649327849117175,0.16106540930979132,0.18880417335473515
2019,Retail trade,"Food, alcoholic drinks and tobacco_R",10 - 49,196.0,3371.0,5367.0,806.0,1020.0,3186.0,1177.0,False,27.382653061224488,1.5921091664194602,0.3491545535449422,0.5936277249860257,0.19005030743432086,0.21930314887274083
2019,Retail trade,"Food, alcoholic drinks and tobacco_R",50 - 99,23.0,1672.0,3172.0,341.0,526.0,1653.0,480.0,False,137.91304347826087,1.8971291866028708,0.28708133971291866,0.5211223203026482,0.16582597730138715,0.15132408575031525
2019,Retail trade,"Food, alcoholic drinks and tobacco_R",100 - 199,18.0,2489.0,3416.0,540.0,937.0,1729.0,744.0,False,189.77777777777777,1.3724387304138208,0.2989152269987947,0.5061475409836066,0.2742974238875878,0.21779859484777517
2019,Retail trade,"Food, alcoholic drinks and tobacco_R",200 - 499,15.0,4792.0,,,,,,True,,,,,,
2019,Retail trade,"Food, alcoholic drinks and tobacco_R",≥ 500,11.0,31961.0,,,,,,True,,,,,,
2019,Retail trade,"Food, alcoholic drinks and tobacco_R",Total,9753.0,68516.0,105662.0,9906.0,21649.0,68163.0,15673.0,False,10.83379472982672,1.542150738513632,0.22874948917041274,0.6451042001854972,0.20488917491624237,0.14833147205239347
2019,Retail trade,Fuel_R,< 10,105.0,452.0,313.0,77.0,30.0,191.0,92.0,False,2.980952380952381,0.6924778761061947,0.20353982300884957,0.610223642172524,0.09584664536741214,0.2939297124600639
2019,Retail trade,Fuel_R,10 - 49,65.0,1339.0,920.0,206.0,66.0,625.0,228.0,False,14.153846153846153,0.6870799103808812,0.17027632561613143,0.6793478260869565,0.07173913043478261,0.24782608695652175
2019,Retail trade,Fuel_R,50 - 99,14.0,910.0,,,,,,True,,,,,,
2019,Retail trade,Fuel_R,100 - 199,,,,,,,,False,,,,,,
2019,Retail trade,Fuel_R,200 - 499,2.0,601.0,,,,,,True,,,,,,
2019,Retail trade,Fuel_R,≥ 500,,,,,,,,False,,,,,,
2019,Retail trade,Fuel_R,Total,185.0,3301.0,6434.0,579.0,208.0,5507.0,720.0,False,34.77837837837838,1.9491063314147228,0.2181157225083308,0.8559216661485857,0.03232825613926018,0.11190550202051601
2019,Retail trade,"Clothing, footwear and allied products_R",< 10,7961.0,15905.0,9938.0,1302.0,3756.0,4175.0,1995.0,False,1.2483356362266047,0.6248349575605155,0.12543225400817354,0.42010464882270077,0.3779432481384584,0.20074461662306298
2019,Retail trade,"Clothing, footwear and allied products_R",10 - 49,193.0,4556.0,7003.0,1111.0,3650.0,2224.0,1132.0,False,36.284974093264246,1.5370939420544336,0.24846356453028973,0.3175781807796659,0.5212051977723833,0.1616450092817364
2019,Retail trade,"Clothing, footwear and allied products_R",50 - 99,94.0,5817.0,8913.0,1520.0,4433.0,3257.0,1337.0,False,94.81914893617021,1.5322331098504385,0.22984356197352587,0.3654212947380231,0.49736340177269156,0.15000560978346236
2019,Retail trade,"Clothing, footwear and allied products_R",100 - 199,33.0,4572.0,12495.0,1523.0,4301.0,6212.0,1504.0,False,378.6363636363636,2.7329396325459316,0.3289588801399825,0.49715886354541816,0.3442176870748299,0.12036814725890356
2019,Retail trade,"Clothing, footwear and allied products_R",200 - 499,18.0,5643.0,7420.0,1540.0,3540.0,2571.0,1287.0,False,412.22222222222223,1.3149034201665781,0.22807017543859648,0.34649595687331536,0.477088948787062,0.1734501347708895
2019,Retail trade,"Clothing, footwear and allied products_R",≥ 500,11.0,11235.0,21783.0,3079.0,6227.0,9083.0,5290.0,False,1980.2727272727273,1.9388518024032042,0.47085002225189143,0.41697654133957673,0.28586512417940596,0.24284992884359363
2019,Retail trade,"Clothing, footwear and allied products_R",Total,8309.0,47728.0,67551.0,10075.0,25908.0,27523.0,12545.0,False,8.129859188831388,1.415332718739524,0.26284361381159904,0.40744030436262973,0.38353244215481636,0.18571153646874214
2019,Retail trade,Transport equipment_R,< 10,903.0,1773.0,2977.0,213.0,413.0,2220.0,347.0,False,3.2967884828349945,1.6790750141003947,0.19571347997743938,0.7457171649311387,0.13873026536781996,0.11656029559959691
2019,Retail trade,Transport equipment_R,10 - 49,32.0,676.0,2709.0,223.0,287.0,2115.0,318.0,False,84.65625,4.007396449704142,0.47041420118343197,0.7807308970099668,0.10594315245478036,0.11738648947951273
2019,Retail trade,Transport equipment_R,50 - 99,7.0,559.0,,,,,,True,,,,,,
2019,Retail trade,Transport equipment_R,100 - 199,6.0,804.0,5117.0,312.0,496.0,4280.0,326.0,False,852.8333333333334,6.364427860696518,0.4054726368159204,0.8364275942935314,0.09693179597420364,0.0637092046120774
2019,Retail trade,Transport equipment_R,200 - 499,1.0,253.0,,,,,,True,,,,,,
2019,Retail trade,Transport equipment_R,≥ 500,1.0,578.0,,,,,,True,,,,,,
2019,Retail trade,Transport equipment_R,Total,950.0,4643.0,22113.0,1466.0,2048.0,17604.0,2433.0,False,23.276842105263157,4.762653456816714,0.5240146457032091,0.796092796092796,0.09261520372631483,0.11002577669244336
2019,Retail trade,Other retail trade_R,< 10,22486.0,47616.0,43577.0,5118.0,9349.0,27996.0,6250.0,False,1.9379613982033266,0.9151755712365591,0.1312584005376344,0.6424489983248044,0.21453978015925831,0.14342428345227987
2019,Retail trade,Other retail trade_R,10 - 49,794.0,13879.0,36530.0,3998.0,6920.0,24082.0,5473.0,False,46.00755667506297,2.6320340082138483,0.3943367677786584,0.6592389816589105,0.1894333424582535,0.1498220640569395
2019,Retail trade,Other retail trade_R,50 - 99,141.0,9778.0,29391.0,2751.0,6793.0,18254.0,4118.0,False,208.4468085106383,3.0058294129678873,0.42114951932910616,0.6210744785818788,0.23112517437310742,0.14011091830832567
2019,Retail trade,Other retail trade_R,100 - 199,51.0,6783.0,16869.0,2171.0,5827.0,8234.0,2919.0,False,330.7647058823529,2.486952675807165,0.43034055727554177,0.4881142924891813,0.34542652202264507,0.17303930286324026
2019,Retail trade,Other retail trade_R,200 - 499,48.0,14149.0,49814.0,4678.0,11172.0,26484.0,9022.0,False,1037.7916666666667,3.520672839069899,0.6376422362004381,0.5316577668928414,0.22427430039747862,0.18111374312442285
2019,Retail trade,Other retail trade_R,≥ 500,33.0,42678.0,135307.0,12852.0,26735.0,89105.0,15000.0,False,4100.212121212121,3.170415670837434,0.3514691410094194,0.6585394695026865,0.19758770795302535,0.11085900951170302
2019,Retail trade,Other retail trade_R,Total,23553.0,134883.0,311489.0,31568.0,66795.0,194155.0,42783.0,False,13.225024413025942,2.3093273429564882,0.3171860056493405,0.6233125407317754,0.21443774900558285,0.13734995457303467
2020,Import/export trade,"Food, alcoholic drinks and tobacco_I/E",< 10,3964.0,11094.0,84593.0,2483.0,4198.0,74311.0,5243.0,False,21.34031281533804,7.625112673517217,0.47259780061294393,0.878453299918433,0.04962585556724552,0.06197912356814394
2020,Import/export trade,"Food, alcoholic drinks and tobacco_I/E",10 - 49,717.0,12507.0,53971.0,4108.0,5313.0,38669.0,8403.0,False,75.27336122733612,4.315263452466619,0.671863756296474,0.7164773674751256,0.09844175575772174,0.1556947249448778
2020,Import/export trade,"Food, alcoholic drinks and tobacco_I/E",50 - 99,22.0,1607.0,8706.0,488.0,918.0,6846.0,851.0,False,395.72727272727275,5.417548226509023,0.5295581829495956,0.7863542384562371,0.10544452101998622,0.09774867907190443
2020,Import/export trade,"Food, alcoholic drinks and tobacco_I/E",100 - 199,12.0,1635.0,10543.0,767.0,863.0,6386.0,2808.0,False,878.5833333333334,6.448318042813455,1.7174311926605506,0.6057099497296785,0.08185525941382908,0.26633785450061653
2020,Import/export trade,"Food, alcoholic drinks and tobacco_I/E",200 - 499,5.0,1367.0,,,,,,True,,,,,,
2020,Import/export trade,"Food, alcoholic drinks and tobacco_I/E",≥ 500,2.0,1674.0,,,,,,True,,,,,,
2020,Import/export trade,"Food, alcoholic drinks and tobacco_I/E",Total,4722.0,29884.0,173316.0,9358.0,12653.0,137800.0,18882.0,False,36.70393900889454,5.799625217507696,0.6318431267567929,0.7950795079507951,0.073005377460823,0.10894550993560895
2020,Import/export trade,"Clothing, footwear and allied products_I/E",< 10,10296.0,33376.0,59978.0,7582.0,6133.0,41162.0,12172.0,False,5.825369075369076,1.7970397890699905,0.36469319271332695,0.6862849711560906,0.10225415985861483,0.20294107839541164
2020,Import/export trade,"Clothing, footwear and allied products_I/E",10 - 49,1226.0,23976.0,89133.0,9666.0,13444.0,57577.0,17681.0,False,72.70228384991843,3.7175925925925926,0.7374457791124458,0.6459672624056185,0.15083078096776728,0.19836648603771892
2020,Import/export trade,"Clothing, footwear and allied products_I/E",50 - 99,95.0,6286.0,32825.0,3209.0,3779.0,21241.0,7481.0,False,345.5263157894737,5.221921730830417,1.1901049952274896,0.6470982482863671,0.11512566641279512,0.2279055597867479
2020,Import/export trade,"Clothing, footwear and allied products_I/E",100 - 199,29.0,3935.0,19603.0,2281.0,3705.0,4157.0,11320.0,False,675.9655172413793,4.981702668360864,2.8767471410419314,0.21205937866653063,0.1890016834158037,0.5774626332704178
2020,Import/export trade,"Clothing, footwear and allied products_I/E",200 - 499,19.0,6418.0,,,,,,True,,,,,,
2020,Import/export trade,"Clothing, footwear and allied products_I/E",≥ 500,2.0,1699.0,,,,,,True,,,,,,
2020,Import/export trade,"Clothing, footwear and allied products_I/E",Total,11667.0,75691.0,240194.0,26857.0,33176.0,145811.0,59334.0,False,20.58746892945916,3.173349539575379,0.7838976892893474,0.6070551304362307,0.13812168497131486,0.24702532119869772
2020,Import/export trade,Other import/export trade_I/E,< 10,52593.0,147695.0,1385680.0,44881.0,74942.0,1216278.0,85672.0,False,26.347232521438215,9.382037306611599,0.5800602593181895,0.8777481092315687,0.05408319381098089,0.06182668437157208
2020,Import/export trade,Other import/export trade_I/E,10 - 49,4737.0,89312.0,985451.0,42900.0,69104.0,788380.0,124510.0,False,208.03272113151783,11.033802848441418,1.3941015764958795,0.8000194834649312,0.0701242375318509,0.12634824055178795
2020,Import/export trade,Other import/export trade_I/E,50 - 99,297.0,20053.0,475111.0,11893.0,27076.0,385415.0,56056.0,False,1599.7003367003367,23.692764174936418,2.795392210641799,0.81121043293041,0.05698878788325255,0.11798506033326948
2020,Import/export trade,Other import/export trade_I/E,100 - 199,116.0,15523.0,232276.0,8125.0,16048.0,185208.0,28739.0,False,2002.3793103448277,14.963344714294918,1.8513818205243833,0.7973617592863662,0.06909022025521362,0.12372780657493672
2020,Import/export trade,Other import/export trade_I/E,200 - 499,36.0,10477.0,,,,,,True,,,,,,
2020,Import/export trade,Other import/export trade_I/E,≥ 500,11.0,8644.0,,,,,,True,,,,,,
2020,Import/export trade,Other import/export trade_I/E,Total,57790.0,291704.0,3375774.0,118029.0,206558.0,2795750.0,345729.0,False,58.414500778681436,11.572600992787208,1.1852048652058251,0.8281804409892368,0.06118833784489128,0.10241473510963708
2020,Wholesale trade,"Food, alcoholic drinks and tobacco_W",< 10,2903.0,7462.0,20186.0,1208.0,1493.0,16327.0,2295.0,False,6.953496383052015,2.705172875904583,0.3075582953631734,0.8088279005251164,0.07396215198652531,0.11369265827801446
2020,Wholesale trade,"Food, alcoholic drinks and tobacco_W",10 - 49,411.0,6217.0,18962.0,1428.0,1094.0,15810.0,1874.0,False,46.13625304136253,3.050024127392633,0.3014315586295641,0.8337728087754456,0.05769433604050206,0.09882923742221285
2020,Wholesale trade,"Food, alcoholic drinks and tobacco_W",50 - 99,17.0,1165.0,,,,,,True,,,,,,
2020,Wholesale trade,"Food, alcoholic drinks and tobacco_W",100 - 199,4.0,586.0,,,,,,True,,,,,,
2020,Wholesale trade,"Food, alcoholic drinks and tobacco_W",200 - 499,,,,,,,,False,,,,,,
2020,Wholesale trade,"Food, alcoholic drinks and tobacco_W",≥ 500,1.0,813.0,,,,,,True,,,,,,
2020,Wholesale trade,"Food, alcoholic drinks and tobacco_W",Total,3336.0,16243.0,45788.0,3379.0,3313.0,36958.0,5115.0,False,13.725419664268586,2.8189373884134703,0.3149048821030598,0.8071547130252468,0.07235520223639381,0.11171049183192103
2020,Wholesale trade,"Clothing, footwear and allied products_W",< 10,1199.0,3181.0,5852.0,587.0,590.0,4555.0,564.0,False,4.8807339449541285,1.839673058786545,0.17730273498899718,0.7783663704716336,0.10082023239917977,0.09637730690362269
2020,Wholesale trade,"Clothing, footwear and allied products_W",10 - 49,11.0,192.0,,,,,,True,,,,,,
2020,Wholesale trade,"Clothing, footwear and allied products_W",50 - 99,1.0,67.0,,,,,,True,,,,,,
2020,Wholesale trade,"Clothing, footwear and allied products_W",100 - 199,2.0,331.0,,,,,,True,,,,,,
2020,Wholesale trade,"Clothing, footwear and allied products_W",200 - 499,,,,,,,,False,,,,,,
2020,Wholesale trade,"Clothing, footwear and allied products_W",Total,1213.0,3771.0,6785.0,749.0,707.0,5122.0,789.0,False,5.593569661995054,1.7992574913815964,0.2092283214001591,0.754900515843773,0.10420044215180545,0.11628592483419307
2020,Wholesale trade,Other wholesale trade_W,< 10,7849.0,19147.0,120458.0,3214.0,3183.0,112618.0,4601.0,False,15.346923174926742,6.291220556745182,0.24029874131717763,0.934915074133723,0.026424147835760182,0.0381958857029006
2020,Wholesale trade,Other wholesale trade_W,10 - 49,613.0,10301.0,,,,,,True,,,,,,
2020,Wholesale trade,Other wholesale trade_W,50 - 99,31.0,2148.0,13669.0,796.0,789.0,11510.0,1255.0,False,440.93548387096774,6.3635940409683425,0.5842644320297952,0.8420513570853757,0.0577218523666691,0.09181359280122905
2020,Wholesale trade,Other wholesale trade_W,100 - 199,17.0,2112.0,15831.0,915.0,1580.0,12687.0,1473.0,False,931.2352941176471,7.495738636363637,0.6974431818181818,0.8014023119196513,0.09980418166887751,0.09304529088497253
2020,Wholesale trade,Other wholesale trade_W,200 - 499,4.0,1009.0,,,,,,True,,,,,,
2020,Wholesale trade,Other wholesale trade_W,≥ 500,1.0,1086.0,,,,,,True,,,,,,
2020,Wholesale trade,Other wholesale trade_W,Total,8515.0,35803.0,220423.0,8995.0,8657.0,198969.0,12175.0,False,25.886435701702876,6.15655112700053,0.3400553026282714,0.9026689592283926,0.039274485874886016,0.05523470781179823
2020,Retail trade,"Food, alcoholic drinks and tobacco_R",< 10,9400.0,20581.0,16421.0,1176.0,2835.0,10455.0,2656.0,False,1.7469148936170213,0.7978718235265536,0.12905106651766193,0.6366847329638877,0.17264478411789783,0.1617441081541928
2020,Retail trade,"Food, alcoholic drinks and tobacco_R",10 - 49,302.0,4848.0,7733.0,983.0,1121.0,5119.0,1314.0,False,25.605960264900663,1.5950907590759076,0.27103960396039606,0.6619681882839777,0.14496314496314497,0.16992111728953835
2020,Retail trade,"Food, alcoholic drinks and tobacco_R",50 - 99,29.0,2098.0,3224.0,402.0,549.0,1620.0,504.0,False,111.17241379310344,1.536701620591039,0.2402287893231649,0.5024813895781638,0.17028535980148884,0.15632754342431762
2020,Retail trade,"Food, alcoholic drinks and tobacco_R",100 - 199,17.0,2395.0,,,,,,True,,,,,,
2020,Retail trade,"Food, alcoholic drinks and tobacco_R",200 - 499,12.0,3887.0,,,,,,True,,,,,,
2020,Retail trade,"Food, alcoholic drinks and tobacco_R",≥ 500,11.0,31642.0,,,,,,True,,,,,,
2020,Retail trade,"Food, alcoholic drinks and tobacco_R",Total,9772.0,65451.0,106142.0,9250.0,18484.0,70878.0,13898.0,False,10.861850184199755,1.6217017310659883,0.21234205741699896,0.6677658231425826,0.1741440711499689,0.13093780030525146
2020,Retail trade,Fuel_R,< 10,106.0,403.0,236.0,73.0,26.0,132.0,61.0,False,2.2264150943396226,0.5856079404466501,0.1513647642679901,0.559322033898305,0.11016949152542373,0.2584745762711864
2020,Retail trade,Fuel_R,10 - 49,67.0,1381.0,999.0,211.0,74.0,679.0,203.0,False,14.91044776119403,0.723388848660391,0.14699493120926865,0.6796796796796797,0.07407407407407407,0.2032032032032032
2020,Retail trade,Fuel_R,50 - 99,13.0,893.0,,,,,,True,,,,,,
2020,Retail trade,Fuel_R,100 - 199,,,,,,,,False,,,,,,
2020,Retail trade,Fuel_R,200 - 499,2.0,599.0,,,,,,True,,,,,,
2020,Retail trade,Fuel_R,≥ 500,,,,,,,,False,,,,,,
2020,Retail trade,Fuel_R,Total,188.0,3276.0,6320.0,570.0,203.0,5415.0,606.0,False,33.61702127659574,1.9291819291819292,0.184981684981685,0.8568037974683544,0.03212025316455696,0.09588607594936709
2020,Retail trade,"Clothing, footwear and allied products_R",< 10,7769.0,14670.0,7110.0,943.0,2905.0,3510.0,17.0,False,0.915175698288068,0.48466257668711654,0.0011588275391956374,0.4936708860759494,0.4085794655414909,0.002390998593530239
2020,Retail trade,"Clothing, footwear and allied products_R",10 - 49,190.0,4480.0,4286.0,993.0,1471.0,1366.0,1252.0,False,22.557894736842105,0.9566964285714286,0.2794642857142857,0.31871208586094263,0.3432104526364909,0.2921138590760616
2020,Retail trade,"Clothing, footwear and allied products_R",50 - 99,86.0,5202.0,8104.0,1191.0,3012.0,4280.0,495.0,False,94.23255813953489,1.5578623606305266,0.09515570934256055,0.5281342546890424,0.37166831194471867,0.06108094768015795
2020,Retail trade,"Clothing, footwear and allied products_R",100 - 199,28.0,3762.0,7870.0,1341.0,2721.0,3195.0,1406.0,False,281.07142857142856,2.09197235513025,0.37373737373737376,0.4059720457433291,0.3457433290978399,0.1786531130876747
2020,Retail trade,"Clothing, footwear and allied products_R",200 - 499,17.0,5490.0,8478.0,1662.0,3053.0,3172.0,1142.0,False,498.70588235294116,1.544262295081967,0.20801457194899817,0.3741448454824251,0.3601085161594716,0.13470158056145318
2020,Retail trade,"Clothing, footwear and allied products_R",≥ 500,7.0,8217.0,11131.0,2009.0,3718.0,4988.0,1791.0,False,1590.142857142857,1.3546306437872704,0.21796276013143484,0.4481178690144641,0.334022100440212,0.16090198544605155
2020,Retail trade,"Clothing, footwear and allied products_R",Total,8098.0,41820.0,46980.0,8139.0,16880.0,20510.0,6103.0,False,5.801432452457397,1.1233859397417503,0.1459349593495935,0.43656875266070666,0.35930183056619835,0.12990634312473393
2020,Retail trade,Transport equipment_R,< 10,831.0,1578.0,2278.0,118.0,286.0,1943.0,5.0,False,2.7412755716004815,1.443599493029151,0.0031685678073510772,0.8529411764705882,0.12554872695346794,0.0021949078138718174
2020,Retail trade,Transport equipment_R,10 - 49,34.0,647.0,3205.0,231.0,276.0,2532.0,364.0,False,94.26470588235294,4.9536321483771255,0.5625965996908809,0.790015600624025,0.08611544461778471,0.11357254290171608
2020,Retail trade,Transport equipment_R,50 - 99,16.0,1103.0,,,,,,True,,,,,,
2020,Retail trade,Transport equipment_R,100 - 199,2.0,281.0,,,,,,True,,,,,,
2020,Retail trade,Transport equipment_R,200 - 499,1.0,200.0,,,,,,True,,,,,,
2020,Retail trade,Transport equipment_R,≥ 500,1.0,783.0,,,,,,True,,,,,,
2020,Retail trade,Transport equipment_R,Total,884.0,4592.0,20877.0,1372.0,1758.0,17085.0,1882.0,False,23.61651583710407,4.546385017421603,0.4098432055749129,0.8183647075729271,0.08420750107774105,0.09014705177947023
2020,Retail trade,Other retail trade_R,< 10,22690.0,46532.0,38945.0,5032.0,8912.0,24098.0,4047.0,False,1.7163948876156898,0.8369509154990115,0.08697240608613427,0.6187700603415073,0.22883553729618694,0.10391577866221595
2020,Retail trade,Other retail trade_R,10 - 49,710.0,12915.0,25571.0,3382.0,5260.0,16119.0,3431.0,False,36.01549295774648,1.9799457994579945,0.2656600851722803,0.6303625200422354,0.20570177153807048,0.13417543310781746
2020,Retail trade,Other retail trade_R,50 - 99,125.0,8789.0,23744.0,2957.0,6170.0,14719.0,1927.0,False,189.952,2.7015587666401184,0.2192513368983957,0.6199039757412399,0.25985512129380056,0.08115734501347709
2020,Retail trade,Other retail trade_R,100 - 199,52.0,7386.0,24384.0,2367.0,5594.0,15830.0,2436.0,False,468.9230769230769,3.3013809910641756,0.3298131600324939,0.6491961942257218,0.22941272965879264,0.09990157480314961
2020,Retail trade,Other retail trade_R,200 - 499,39.0,11315.0,27228.0,3692.0,8250.0,11610.0,3880.0,False,698.1538461538462,2.4063632346442776,0.34290764471939905,0.4263992948435434,0.3029969149405024,0.1425003672689878
2020,Retail trade,Other retail trade_R,≥ 500,29.0,38080.0,99092.0,10624.0,19415.0,64014.0,9388.0,False,3416.9655172413795,2.602205882352941,0.24653361344537816,0.6460057320469866,0.19592903564364428,0.09474024139183788
2020,Retail trade,Other retail trade_R,Total,23645.0,125017.0,238964.0,28055.0,53603.0,146389.0,25109.0,False,10.106322689786424,1.911452042522217,0.2008446851228233,0.6125985504092667,0.22431412262935002,0.10507440451281365
2021,Import/export trade,"Food, alcoholic drinks and tobacco_I/E",< 10,4213.0,10154.0,88862.0,2939.0,4567.0,76074.0,8002.0,False,21.09233325421315,8.751428008666535,0.7880638172148907,0.8560914676689698,0.05139429677477437,0.09004974004636403
2021,Import/export trade,"Food, alcoholic drinks and tobacco_I/E",10 - 49,829.0,12687.0,58644.0,4090.0,5900.0,43667.0,8772.0,False,70.7406513872135,4.622369354457319,0.6914164104989359,0.7446115544642248,0.10060705272491645,0.1495805197462656
2021,Import/export trade,"Food, alcoholic drinks and tobacco_I/E",50 - 99,31.0,2162.0,11458.0,740.0,1003.0,7903.0,2338.0,False,369.61290322580646,5.299722479185939,1.0814061054579094,0.6897364286961075,0.08753709198813056,0.20404957235119567
2021,Import/export trade,"Food, alcoholic drinks and tobacco_I/E",100 - 199,12.0,1649.0,8364.0,722.0,878.0,6009.0,1012.0,False,697.0,5.072164948453608,0.613705275924803,0.7184361549497847,0.1049736967957915,0.1209947393591583
2021,Import/export trade,"Food, alcoholic drinks and tobacco_I/E",200 - 499,6.0,1673.0,,,,,,True,,,,,,
2021,Import/export trade,"Food, alcoholic drinks and tobacco_I/E",≥ 500,2.0,1614.0,,,,,,True,,,,,,
2021,Import/export trade,"Food, alcoholic drinks and tobacco_I/E",Total,5093.0,29939.0,183592.0,10142.0,13857.0,145807.0,22093.0,False,36.04790889456116,6.132202144360199,0.7379337987240723,0.794190378665737,0.0754771449736372,0.120337487472221
2021,Import/export trade,"Clothing, footwear and allied products_I/E",< 10,9272.0,32234.0,55816.0,8896.0,11064.0,32714.0,13509.0,False,6.019844693701467,1.7315877644722963,0.41909164236520446,0.5861043428407625,0.1982227318331661,0.24202737566289237
2021,Import/export trade,"Clothing, footwear and allied products_I/E",10 - 49,762.0,20090.0,97045.0,7598.0,9033.0,67516.0,20470.0,False,127.35564304461943,4.830512692882031,1.0189148830263812,0.6957184811170076,0.09308052965119275,0.21093307228605288
2021,Import/export trade,"Clothing, footwear and allied products_I/E",50 - 99,74.0,5084.0,37482.0,2596.0,4198.0,19571.0,12538.0,False,506.5135135135135,7.3725413060582214,2.466168371361133,0.5221439624353023,0.11200042687156501,0.3345072301371325
2021,Import/export trade,"Clothing, footwear and allied products_I/E",100 - 199,39.0,5411.0,18330.0,2814.0,3364.0,5429.0,5947.0,False,470.0,3.387543892071706,1.0990574755128442,0.29618112384069833,0.18352427714129843,0.3244408074195308
2021,Import/export trade,"Clothing, footwear and allied products_I/E",200 - 499,19.0,5769.0,,,,,,True,,,,,,
2021,Import/export trade,"Clothing, footwear and allied products_I/E",≥ 500,3.0,2058.0,,,,,,True,,,,,,
2021,Import/export trade,"Clothing, footwear and allied products_I/E",Total,10169.0,70647.0,251690.0,26508.0,34903.0,147825.0,65856.0,False,24.750712951125973,3.5626424335074383,0.9321839568559175,0.5873296515554849,0.1386745599745719,0.2616552107751599
2021,Import/export trade,Other import/export trade_I/E,< 10,53664.0,147548.0,1391528.0,48353.0,79311.0,1177288.0,132678.0,False,25.930381633870006,9.431019058204788,0.899219237129612,0.8460397491103305,0.05699561920421292,0.09534698547208537
2021,Import/export trade,Other import/export trade_I/E,10 - 49,5027.0,86184.0,1438868.0,44491.0,86592.0,1233369.0,110835.0,False,286.2279689675751,16.695303072496056,1.2860275689223057,0.8571800887920226,0.06018064200468702,0.07702930359143438
2021,Import/export trade,Other import/export trade_I/E,50 - 99,366.0,25928.0,652161.0,12573.0,33163.0,540506.0,66302.0,False,1781.860655737705,25.152769207034865,2.557158284480099,0.8287922767537463,0.05085094018194894,0.10166507963524345
2021,Import/export trade,Other import/export trade_I/E,100 - 199,99.0,13142.0,324199.0,7409.0,19462.0,275229.0,27552.0,False,3274.7373737373737,24.6689240602648,2.096484553340435,0.8489507987378123,0.060031030323967685,0.08498483955841937
2021,Import/export trade,Other import/export trade_I/E,200 - 499,40.0,11341.0,261860.0,6687.0,14733.0,206243.0,31487.0,False,6546.5,23.08967463186668,2.776386562031567,0.7876078820743909,0.056262888566409534,0.1202436416405713
2021,Import/export trade,Other import/export trade_I/E,≥ 500,12.0,9482.0,128187.0,3542.0,9979.0,82802.0,33331.0,False,10682.25,13.518983336848766,3.515186669479013,0.6459469368968772,0.07784720759515396,0.2600185666253208
2021,Import/export trade,Other import/export trade_I/E,Total,59209.0,293624.0,4196804.0,123055.0,243241.0,3515438.0,402186.0,False,70.88118360384401,14.293123177941858,1.3697313571097731,0.8376464566846581,0.05795862756516625,0.09583149463258232
2021,Wholesale trade,"Food, alcoholic drinks and tobacco_W",< 10,2871.0,9013.0,24369.0,1470.0,1323.0,20486.0,2569.0,False,8.487983281086729,2.7037612337734385,0.28503273050038835,0.8406582133037876,0.0542902868398375,0.10542082153555747
2021,Wholesale trade,"Food, alcoholic drinks and tobacco_W",10 - 49,301.0,4583.0,19472.0,1138.0,949.0,16215.0,2322.0,False,64.69102990033223,4.248745363299149,0.5066550294566877,0.8327341824157765,0.048736647493837305,0.11924815119145439
2021,Wholesale trade,"Food, alcoholic drinks and tobacco_W",50 - 99,17.0,1101.0,4381.0,298.0,542.0,3357.0,475.0,False,257.70588235294116,3.9791099000908265,0.43142597638510444,0.7662634101803242,0.12371604656471126,0.10842273453549418
2021,Wholesale trade,"Food, alcoholic drinks and tobacco_W",100 - 199,4.0,499.0,,,,,,True,,,,,,
2021,Wholesale trade,"Food, alcoholic drinks and tobacco_W",200 - 499,,,,,,,,False,,,,,,
2021,Wholesale trade,"Food, alcoholic drinks and tobacco_W",≥ 500,1.0,850.0,,,,,,True,,,,,,
2021,Wholesale trade,"Food, alcoholic drinks and tobacco_W",Total,3194.0,16046.0,51188.0,3342.0,3147.0,42117.0,5937.0,False,16.026299311208515,3.190078524242802,0.3699987535834476,0.8227904977729156,0.061479252949910135,0.11598421505040243
2021,Wholesale trade,"Clothing, footwear and allied products_W",< 10,1166.0,3052.0,6601.0,601.0,640.0,5155.0,607.0,False,5.661234991423671,2.1628440366972477,0.1988859764089122,0.7809422814725042,0.09695500681714891,0.09195576427813967
2021,Wholesale trade,"Clothing, footwear and allied products_W",10 - 49,9.0,175.0,,,,,,True,,,,,,
2021,Wholesale trade,"Clothing, footwear and allied products_W",50 - 99,2.0,152.0,,,,,,True,,,,,,
2021,Wholesale trade,"Clothing, footwear and allied products_W",100 - 199,1.0,100.0,,,,,,True,,,,,,
2021,Wholesale trade,"Clothing, footwear and allied products_W",200 - 499,,,,,,,,False,,,,,,
2021,Wholesale trade,"Clothing, footwear and allied products_W",Total,1178.0,3479.0,7653.0,722.0,805.0,5812.0,833.0,False,6.49660441426146,2.1997700488646164,0.23943661971830985,0.7594407421926042,0.105187508166732,0.10884620410296615
2021,Wholesale trade,Other wholesale trade_W,< 10,7645.0,20118.0,136189.0,3796.0,4384.0,126956.0,4909.0,False,17.814126880313932,6.769509891639328,0.2440103389999006,0.9322045099090235,0.03219055870885314,0.036045495598029206
2021,Wholesale trade,Other wholesale trade_W,10 - 49,599.0,9012.0,,,,,,True,,,,,,
2021,Wholesale trade,Other wholesale trade_W,50 - 99,31.0,2267.0,,,,,,True,,,,,,
2021,Wholesale trade,Other wholesale trade_W,100 - 199,15.0,2001.0,30052.0,1240.0,2245.0,24805.0,2913.0,False,2003.4666666666667,15.018490754622688,1.4557721139430284,0.825402635431918,0.07470384666577931,0.09693198456009583
2021,Wholesale trade,Other wholesale trade_W,200 - 499,4.0,1002.0,,,,,,True,,,,,,
2021,Wholesale trade,Other wholesale trade_W,≥ 500,1.0,1054.0,,,,,,True,,,,,,
2021,Wholesale trade,Other wholesale trade_W,Total,8295.0,35454.0,249374.0,9404.0,10431.0,223814.0,15041.0,False,30.063170584689573,7.0337338523156765,0.4242398601004118,0.8975033483843544,0.04182873916286381,0.06031502883219582
2021,Retail trade,"Food, alcoholic drinks and tobacco_R",< 10,9745.0,22066.0,17529.0,1377.0,3166.0,12034.0,2281.0,False,1.7987685992816829,0.7943895585969365,0.10337170307260038,0.686519482001255,0.18061498088881284,0.13012721775343716
2021,Retail trade,"Food, alcoholic drinks and tobacco_R",10 - 49,324.0,4626.0,5213.0,819.0,873.0,3127.0,1181.0,False,16.089506172839506,1.1268914829226113,0.2552961521833117,0.5998465375023978,0.16746595050834454,0.2265490120851717
2021,Retail trade,"Food, alcoholic drinks and tobacco_R",50 - 99,37.0,2519.0,3754.0,553.0,809.0,1881.0,723.0,False,101.45945945945945,1.4902739182215166,0.2870186581976975,0.5010655301012253,0.215503462972829,0.19259456579648376
2021,Retail trade,"Food, alcoholic drinks and tobacco_R",100 - 199,18.0,2570.0,,,,,,True,,,,,,
2021,Retail trade,"Food, alcoholic drinks and tobacco_R",200 - 499,10.0,2919.0,,,,,,True,,,,,,
2021,Retail trade,"Food, alcoholic drinks and tobacco_R",≥ 500,15.0,34459.0,,,,,,True,,,,,,
2021,Retail trade,"Food, alcoholic drinks and tobacco_R",Total,10150.0,69159.0,99944.0,9955.0,17978.0,67251.0,13529.0,False,9.846699507389163,1.4451336774678638,0.195621683367313,0.6728868166173056,0.17988073321059794,0.1353658048507164
2021,Retail trade,Fuel_R,< 10,82.0,473.0,192.0,64.0,20.0,108.0,63.0,False,2.341463414634146,0.4059196617336152,0.1331923890063425,0.5625,0.10416666666666667,0.328125
2021,Retail trade,Fuel_R,10 - 49,65.0,1349.0,1020.0,241.0,68.0,702.0,250.0,False,15.692307692307692,0.7561156412157154,0.18532246108228317,0.6882352941176471,0.06666666666666667,0.24509803921568626
2021,Retail trade,Fuel_R,50 - 99,14.0,723.0,,,,,,True,,,,,,
2021,Retail trade,Fuel_R,100 - 199,,,,,,,,False,,,,,,
2021,Retail trade,Fuel_R,200 - 499,2.0,819.0,,,,,,True,,,,,,
2021,Retail trade,Fuel_R,≥ 500,,,,,,,,False,,,,,,
2021,Retail trade,Fuel_R,Total,162.0,3364.0,6960.0,596.0,197.0,6070.0,676.0,False,42.96296296296296,2.0689655172413794,0.20095124851367419,0.8721264367816092,0.028304597701149424,0.09712643678160919
2021,Retail trade,"Clothing, footwear and allied products_R",< 10,7404.0,14388.0,10190.0,1321.0,3792.0,4741.0,655.0,False,1.376283090221502,0.7082290797887129,0.0455240478176258,0.46526005888125616,0.37212953876349364,0.06427870461236507
2021,Retail trade,"Clothing, footwear and allied products_R",10 - 49,162.0,2560.0,4689.0,793.0,1944.0,1873.0,921.0,False,28.944444444444443,1.831640625,0.359765625,0.399445510769887,0.4145873320537428,0.19641714651311581
2021,Retail trade,"Clothing, footwear and allied products_R",50 - 99,88.0,6177.0,10681.0,1847.0,3578.0,4779.0,2067.0,False,121.375,1.7291565484863203,0.33462846041767846,0.4474300159161127,0.3349873607340137,0.19352120587959928
2021,Retail trade,"Clothing, footwear and allied products_R",100 - 199,44.0,5210.0,7807.0,1374.0,3205.0,2927.0,1222.0,False,177.4318181818182,1.4984644913627638,0.2345489443378119,0.3749199436403228,0.41052901242474704,0.1565261944408864
2021,Retail trade,"Clothing, footwear and allied products_R",200 - 499,14.0,4647.0,7743.0,1304.0,2760.0,3285.0,1182.0,False,553.0714285714286,1.6662362814719174,0.2543576500968367,0.4242541650523053,0.3564509879891515,0.15265401007361487
2021,Retail trade,"Clothing, footwear and allied products_R",≥ 500,6.0,7820.0,14067.0,2189.0,4840.0,6824.0,1534.0,False,2344.5,1.7988491048593351,0.19616368286445013,0.48510698798606666,0.3440676761214189,0.109049548588896
2021,Retail trade,"Clothing, footwear and allied products_R",Total,7719.0,40802.0,55176.0,8829.0,20119.0,24429.0,7582.0,False,7.148076175670424,1.3522866526150679,0.18582422430273027,0.4427468464549804,0.36463317384370014,0.13741481803682762
2021,Retail trade,Transport equipment_R,< 10,863.0,1839.0,3197.0,244.0,452.0,2290.0,442.0,False,3.704519119351101,1.7384448069603045,0.24034801522566612,0.7162965279949953,0.14138254613700343,0.13825461370034406
2021,Retail trade,Transport equipment_R,10 - 49,27.0,526.0,2701.0,177.0,273.0,2317.0,102.0,False,100.03703703703704,5.134980988593156,0.19391634980988592,0.857830433172899,0.10107367641614216,0.03776379118844872
2021,Retail trade,Transport equipment_R,50 - 99,16.0,1145.0,,,,,,True,,,,,,
2021,Retail trade,Transport equipment_R,100 - 199,3.0,458.0,,,,,,True,,,,,,
2021,Retail trade,Transport equipment_R,200 - 499,,,,,,,,False,,,,,,
2021,Retail trade,Transport equipment_R,≥ 500,1.0,739.0,,,,,,True,,,,,,
2021,Retail trade,Transport equipment_R,Total,911.0,4707.0,22984.0,1499.0,1964.0,18575.0,2417.0,False,25.229418221734356,4.882940301678351,0.5134905459953261,0.8081709014966934,0.08545074834667594,0.10516011138183085
2021,Retail trade,Other retail trade_R,< 10,23368.0,42534.0,38276.0,4068.0,8563.0,25210.0,4495.0,False,1.6379664498459432,0.8998918512249025,0.10568016175295059,0.6586372661720138,0.22371721182986729,0.11743651374229282
2021,Retail trade,Other retail trade_R,10 - 49,892.0,16134.0,33747.0,4536.0,6301.0,21923.0,5097.0,False,37.832959641255606,2.091669765712161,0.3159166976571216,0.6496281150917118,0.18671289299789612,0.15103564761312116
2021,Retail trade,Other retail trade_R,50 - 99,117.0,8625.0,29601.0,3487.0,6483.0,18538.0,3570.0,False,253.0,3.432,0.41391304347826086,0.6262626262626263,0.21901287118678422,0.1206040336475119
2021,Retail trade,Other retail trade_R,100 - 199,103.0,12944.0,23714.0,3382.0,5841.0,13251.0,3727.0,False,230.23300970873785,1.832045735475896,0.2879326328800989,0.5587838407691659,0.24631019650839167,0.15716454415113434
2021,Retail trade,Other retail trade_R,200 - 499,34.0,9825.0,33709.0,3128.0,7951.0,14328.0,4414.0,False,991.4411764705883,3.430941475826972,0.4492620865139949,0.4250496899937702,0.23587172565190306,0.1309442582099736
2021,Retail trade,Other retail trade_R,≥ 500,30.0,35835.0,102820.0,10134.0,20765.0,71643.0,8954.0,False,3427.3333333333335,2.869261894795591,0.24986744802567323,0.6967807819490371,0.20195487259288075,0.08708422485897685
2021,Retail trade,Other retail trade_R,Total,24544.0,125896.0,261866.0,28736.0,55904.0,164893.0,30258.0,False,10.66924706649283,2.08001842790875,0.24034123403444113,0.6296846478733398,0.2134832318819549,0.11554764650622838
2022,Import/export trade,"Food, alcoholic drinks and tobacco_I/E",< 10,4473.0,11680.0,71667.0,3330.0,4477.0,61613.0,5970.0,False,16.022132796780685,6.135873287671233,0.5111301369863014,0.8597122804079981,0.06246947688615402,0.08330193813052032
2022,Import/export trade,"Food, alcoholic drinks and tobacco_I/E",10 - 49,645.0,12088.0,56249.0,4835.0,7225.0,38368.0,8430.0,False,87.2077519379845,4.653292521508934,0.6973858371939113,0.6821099041760742,0.12844672794183007,0.14986933101032907
2022,Import/export trade,"Food, alcoholic drinks and tobacco_I/E",50 - 99,29.0,1888.0,10546.0,601.0,1010.0,7262.0,2093.0,False,363.6551724137931,5.585805084745763,1.1085805084745763,0.6886023136734307,0.09577090840128959,0.19846387255831596
2022,Import/export trade,"Food, alcoholic drinks and tobacco_I/E",100 - 199,10.0,1403.0,9269.0,648.0,794.0,6909.0,1174.0,False,926.9,6.60655737704918,0.8367783321454028,0.7453878519797174,0.08566188369834933,0.1266587549897508
2022,Import/export trade,"Food, alcoholic drinks and tobacco_I/E",200 - 499,7.0,1858.0,,,,,,True,,,,,,
2022,Import/export trade,"Food, alcoholic drinks and tobacco_I/E",≥ 500,2.0,1654.0,,,,,,True,,,,,,
2022,Import/export trade,"Food, alcoholic drinks and tobacco_I/E",Total,5166.0,30571.0,164679.0,11118.0,15154.0,126524.0,19753.0,False,31.87746806039489,5.386771777174446,0.6461352261947597,0.768306827221443,0.0920214477862994,0.11994850588113845
2022,Import/export trade,"Clothing, footwear and allied products_I/E",< 10,9821.0,28774.0,88721.0,8416.0,12665.0,48932.0,22788.0,False,9.033805111495774,3.083373879196497,0.7919649683742267,0.5515266960471591,0.14275087070704795,0.2568501256748684
2022,Import/export trade,"Clothing, footwear and allied products_I/E",10 - 49,743.0,17293.0,66574.0,7377.0,10730.0,45565.0,7833.0,False,89.60161507402422,3.8497658011912335,0.45295784421442203,0.6844263526301559,0.16117403190434704,0.11765854537807552
2022,Import/export trade,"Clothing, footwear and allied products_I/E",50 - 99,113.0,7525.0,29096.0,3561.0,4169.0,16392.0,7411.0,False,257.4867256637168,3.866578073089701,0.9848504983388704,0.5633764091284025,0.1432843002474567,0.25470855100357437
2022,Import/export trade,"Clothing, footwear and allied products_I/E",100 - 199,29.0,4128.0,17571.0,2420.0,2621.0,3862.0,10701.0,False,605.8965517241379,4.256540697674419,2.592296511627907,0.219793978714928,0.14916623982698765,0.6090148540208298
2022,Import/export trade,"Clothing, footwear and allied products_I/E",200 - 499,13.0,3877.0,,,,,,True,,,,,,
2022,Import/export trade,"Clothing, footwear and allied products_I/E",≥ 500,7.0,4605.0,,,,,,True,,,,,,
2022,Import/export trade,"Clothing, footwear and allied products_I/E",Total,10725.0,66202.0,242393.0,25419.0,35141.0,137610.0,60566.0,False,22.600745920745922,3.6614150629890334,0.9148666203437963,0.5677144141951294,0.1449753086929078,0.2498669516033879
2022,Import/export trade,Other import/export trade_I/E,< 10,56135.0,145512.0,1224275.0,50511.0,89036.0,979149.0,137145.0,False,21.809477153291173,8.413567265929958,0.9424995876628731,0.79977864450389,0.07272549059647547,0.11202140042065713
2022,Import/export trade,Other import/export trade_I/E,10 - 49,4305.0,78608.0,1459271.0,41605.0,74773.0,1189419.0,163138.0,False,338.9711962833914,18.5638993486668,2.0753358436800324,0.8150775284371443,0.051239968450000034,0.11179417668137036
2022,Import/export trade,Other import/export trade_I/E,50 - 99,323.0,21987.0,645323.0,12120.0,32209.0,557691.0,45533.0,False,1997.904024767802,29.35020694046482,2.070905535088916,0.8642044371578264,0.04991143969763979,0.07055846452086785
2022,Import/export trade,Other import/export trade_I/E,100 - 199,106.0,14120.0,278790.0,8378.0,20389.0,241743.0,13148.0,False,2630.0943396226417,19.744334277620396,0.9311614730878187,0.8671150328204025,0.07313390006815165,0.047160945514545
2022,Import/export trade,Other import/export trade_I/E,200 - 499,38.0,10223.0,237193.0,6603.0,24129.0,190595.0,8478.0,False,6241.921052631579,23.20189768169813,0.8293064658123839,0.8035439494420156,0.10172728537520079,0.035743044693561786
2022,Import/export trade,Other import/export trade_I/E,≥ 500,10.0,7005.0,100920.0,2806.0,8507.0,71368.0,20666.0,False,10092.0,14.406852248394005,2.950178443968594,0.707173999207293,0.08429449068569164,0.2047760602457392
2022,Import/export trade,Other import/export trade_I/E,Total,60917.0,277455.0,3945771.0,122022.0,249044.0,3229965.0,388108.0,False,64.77290411543575,14.221300751473212,1.3988142221261106,0.8185890666234812,0.06311668872826122,0.09836049785960715
2022,Wholesale trade,"Food, alcoholic drinks and tobacco_W",< 10,2634.0,6937.0,17885.0,1114.0,1076.0,15064.0,1736.0,False,6.790053151100987,2.5782038345105955,0.25025227043390513,0.8422700587084149,0.060162147050601064,0.09706457925636008
2022,Wholesale trade,"Food, alcoholic drinks and tobacco_W",10 - 49,428.0,6818.0,,,,,,True,,,,,,
2022,Wholesale trade,"Food, alcoholic drinks and tobacco_W",50 - 99,16.0,1038.0,3818.0,309.0,326.0,3139.0,317.0,False,238.625,3.678227360308285,0.30539499036608864,0.822158198009429,0.08538501833420639,0.08302776322682033
2022,Wholesale trade,"Food, alcoholic drinks and tobacco_W",100 - 199,4.0,541.0,,,,,,True,,,,,,
2022,Wholesale trade,"Food, alcoholic drinks and tobacco_W",200 - 499,1.0,353.0,,,,,,True,,,,,,
2022,Wholesale trade,"Food, alcoholic drinks and tobacco_W",≥ 500,1.0,804.0,,,,,,True,,,,,,
2022,Wholesale trade,"Food, alcoholic drinks and tobacco_W",Total,3084.0,16491.0,48790.0,3864.0,3158.0,39909.0,5596.0,False,15.820363164721142,2.9585834697713906,0.3393366078467043,0.8179749948759992,0.06472637835622054,0.11469563435130149
2022,Wholesale trade,"Clothing, footwear and allied products_W",< 10,1141.0,2900.0,4246.0,581.0,438.0,3020.0,746.0,False,3.7212971078001753,1.4641379310344829,0.25724137931034485,0.7112576542628356,0.10315591144606688,0.17569477154969382
2022,Wholesale trade,"Clothing, footwear and allied products_W",10 - 49,7.0,119.0,,,,,,True,,,,,,
2022,Wholesale trade,"Clothing, footwear and allied products_W",50 - 99,3.0,218.0,,,,,,True,,,,,,
2022,Wholesale trade,"Clothing, footwear and allied products_W",100 - 199,,,,,,,,False,,,,,,
2022,Wholesale trade,"Clothing, footwear and allied products_W",200 - 499,,,,,,,,False,,,,,,
2022,Wholesale trade,"Clothing, footwear and allied products_W",Total,1151.0,3237.0,5747.0,674.0,688.0,4236.0,771.0,False,4.9930495221546485,1.775409329626197,0.2381835032437442,0.7370802157647468,0.11971463372194188,0.13415695145293197
2022,Wholesale trade,Other wholesale trade_W,< 10,7676.0,18498.0,107754.0,3994.0,3813.0,99520.0,4068.0,False,14.037780093798853,5.825170288679857,0.21991566655854686,0.9235852033335189,0.03538615735842753,0.0377526588340108
2022,Wholesale trade,Other wholesale trade_W,10 - 49,1208.0,11489.0,86871.0,3524.0,2829.0,77962.0,5915.0,False,71.91307947019868,7.561232483244843,0.5148402820088781,0.8974456377847613,0.03256552819698173,0.06808946598980097
2022,Wholesale trade,Other wholesale trade_W,50 - 99,29.0,1992.0,,,,,,True,,,,,,
2022,Wholesale trade,Other wholesale trade_W,100 - 199,11.0,1421.0,,,,,,True,,,,,,
2022,Wholesale trade,Other wholesale trade_W,200 - 499,5.0,1296.0,8066.0,714.0,1361.0,6757.0,-50.0,False,1613.2,6.223765432098766,-0.038580246913580245,0.8377138606496405,0.16873295313662287,-0.0061988594098685845
2022,Wholesale trade,Other wholesale trade_W,≥ 500,1.0,1004.0,,,,,,True,,,,,,
2022,Wholesale trade,Other wholesale trade_W,Total,8930.0,35700.0,237862.0,9999.0,10799.0,212489.0,13837.0,False,26.636282194848825,6.662801120448179,0.3875910364145658,0.8933289049953335,0.0454002741085167,0.058172385669001354
2022,Retail trade,"Food, alcoholic drinks and tobacco_R",< 10,9908.0,22605.0,15022.0,1716.0,3265.0,9903.0,1725.0,False,1.5161485668146952,0.6645432426454324,0.07631055076310551,0.6592331247503661,0.21734788976168287,0.11483158034882172
2022,Retail trade,"Food, alcoholic drinks and tobacco_R",10 - 49,362.0,5242.0,4935.0,943.0,960.0,2935.0,954.0,False,13.632596685082873,0.9414345669591759,0.18199160625715377,0.5947315096251267,0.1945288753799392,0.19331306990881458
2022,Retail trade,"Food, alcoholic drinks and tobacco_R",50 - 99,69.0,4441.0,6292.0,847.0,1208.0,3722.0,1264.0,False,91.18840579710145,1.4167980184643099,0.28462058095023646,0.5915448188175461,0.19198982835346473,0.20089001907183726
2022,Retail trade,"Food, alcoholic drinks and tobacco_R",100 - 199,17.0,2302.0,,,,,,True,,,,,,
2022,Retail trade,"Food, alcoholic drinks and tobacco_R",200 - 499,10.0,2926.0,,,,,,True,,,,,,
2022,Retail trade,"Food, alcoholic drinks and tobacco_R",≥ 500,15.0,34015.0,,,,,,True,,,,,,
2022,Retail trade,"Food, alcoholic drinks and tobacco_R",Total,10382.0,71531.0,101359.0,10909.0,19310.0,67102.0,13805.0,False,9.76295511462146,1.4169940305601767,0.19299324768282283,0.6620231059896013,0.1905109561065125,0.13619905484466105
2022,Retail trade,Fuel_R,< 10,82.0,316.0,359.0,61.0,36.0,238.0,80.0,False,4.378048780487805,1.1360759493670887,0.25316455696202533,0.6629526462395543,0.10027855153203342,0.22284122562674094
2022,Retail trade,Fuel_R,10 - 49,57.0,1748.0,1079.0,299.0,69.0,603.0,379.0,False,18.92982456140351,0.6172768878718535,0.21681922196796338,0.5588507877664504,0.0639481000926784,0.35125115848007415
2022,Retail trade,Fuel_R,50 - 99,22.0,1135.0,,,,,,True,,,,,,
2022,Retail trade,Fuel_R,100 - 199,,,,,,,,False,,,,,,
2022,Retail trade,Fuel_R,200 - 499,1.0,471.0,,,,,,True,,,,,,
2022,Retail trade,Fuel_R,≥ 500,,,,,,,,False,,,,,,
2022,Retail trade,Fuel_R,Total,162.0,3670.0,7179.0,658.0,384.0,6013.0,732.0,False,44.31481481481482,1.9561307901907357,0.1994550408719346,0.8375818359102939,0.05348934391976599,0.10196406184705391
2022,Retail trade,"Clothing, footwear and allied products_R",< 10,6731.0,13600.0,10392.0,1483.0,3711.0,4687.0,993.0,False,1.5439013519536473,0.7641176470588236,0.07301470588235294,0.4510200153964588,0.3571016166281755,0.09555427251732102
2022,Retail trade,"Clothing, footwear and allied products_R",10 - 49,330.0,4477.0,3321.0,866.0,1352.0,1557.0,389.0,False,10.063636363636364,0.7417913781550145,0.08688854143399598,0.46883468834688347,0.4071062932851551,0.11713339355615779
2022,Retail trade,"Clothing, footwear and allied products_R",50 - 99,226.0,13115.0,14337.0,2842.0,4782.0,5685.0,3342.0,False,63.43805309734513,1.0931757529546322,0.2548227220739611,0.39652646997279767,0.33354258213015275,0.23310315965683198
2022,Retail trade,"Clothing, footwear and allied products_R",100 - 199,24.0,2945.0,4437.0,1118.0,2212.0,2149.0,-6.0,False,184.875,1.5066213921901528,-0.0020373514431239388,0.48433626324092854,0.498535046202389,-0.001352265043948614
2022,Retail trade,"Clothing, footwear and allied products_R",200 - 499,13.0,4458.0,5037.0,1334.0,2156.0,2231.0,488.0,False,387.46153846153845,1.129878869448183,0.1094661283086586,0.4429223744292237,0.4280325590629343,0.09688306531665675
2022,Retail trade,"Clothing, footwear and allied products_R",≥ 500,7.0,6582.0,15381.0,1828.0,4514.0,6052.0,3122.0,False,2197.285714285714,2.336827711941659,0.4743239137040413,0.3934724660295169,0.29347896755737596,0.20297769975944346
2022,Retail trade,"Clothing, footwear and allied products_R",Total,7331.0,45176.0,52906.0,9471.0,18727.0,22361.0,8328.0,False,7.216750784340472,1.171108553214096,0.18434567026739862,0.4226552753940952,0.353967413903905,0.15741125770234
2022,Retail trade,Transport equipment_R,< 10,778.0,1833.0,3310.0,285.0,505.0,1973.0,917.0,False,4.254498714652956,1.8057828696126568,0.5002727768685216,0.5960725075528701,0.15256797583081572,0.2770392749244713
2022,Retail trade,Transport equipment_R,10 - 49,45.0,847.0,3188.0,322.0,303.0,2416.0,459.0,False,70.84444444444445,3.7638724911452184,0.5419126328217237,0.7578419071518193,0.09504391468005019,0.14397741530740277
2022,Retail trade,Transport equipment_R,50 - 99,16.0,1085.0,,,,,,True,,,,,,
2022,Retail trade,Transport equipment_R,100 - 199,3.0,501.0,,,,,,True,,,,,,
2022,Retail trade,Transport equipment_R,200 - 499,1.0,498.0,,,,,,True,,,,,,
2022,Retail trade,Transport equipment_R,≥ 500,1.0,749.0,,,,,,True,,,,,,
2022,Retail trade,Transport equipment_R,Total,844.0,5513.0,24396.0,1737.0,2285.0,19353.0,2762.0,False,28.90521327014218,4.425176854707056,0.5009976419372393,0.7932857845548451,0.09366289555664863,0.1132152811936383
2022,Retail trade,Other retail trade_R,< 10,24906.0,48939.0,37229.0,4348.0,8938.0,23928.0,4160.0,False,1.4947803742070185,0.7607225321318376,0.0850037802161875,0.6427247575814553,0.24008165677294582,0.11174084718901932
2022,Retail trade,Other retail trade_R,10 - 49,723.0,13622.0,30549.0,3847.0,5921.0,19273.0,5106.0,False,42.25311203319502,2.242622228747614,0.3748348260167376,0.6308880814429277,0.1938197649677567,0.16714131395463028
2022,Retail trade,Other retail trade_R,50 - 99,149.0,10067.0,27187.0,4378.0,7185.0,17386.0,1848.0,False,182.46308724832215,2.7006059402006555,0.1835700804609119,0.6394968183322912,0.2642807224040902,0.06797366388347371
2022,Retail trade,Other retail trade_R,100 - 199,54.0,7460.0,21611.0,2513.0,6806.0,12424.0,2136.0,False,400.2037037037037,2.896916890080429,0.28632707774798927,0.5748924158993105,0.31493221044838277,0.09883855443986858
2022,Retail trade,Other retail trade_R,200 - 499,31.0,9272.0,49516.0,3177.0,7015.0,24568.0,2971.0,False,1597.2903225806451,5.3403796376186365,0.32042709232096633,0.4961628564504403,0.14167137894821877,0.06000080781969464
2022,Retail trade,Other retail trade_R,≥ 500,27.0,33813.0,100696.0,9650.0,17448.0,68503.0,12646.0,False,3729.4814814814813,2.9780262029396978,0.37399816638570965,0.6802951457853341,0.17327401287042185,0.12558592198299834
2022,Retail trade,Other retail trade_R,Total,25890.0,123173.0,266789.0,27913.0,53312.0,166082.0,28867.0,False,10.304712244109695,2.1659698148133115,0.2343614266113515,0.6225219180700854,0.19982832875418402,0.10820161251026092
2023,Import/export trade,"Food, alcoholic drinks and tobacco_I/E",< 10,4703.0,11918.0,46180.0,3289.0,3866.0,37486.0,5163.0,False,9.819264299383372,3.8748112099345526,0.4332102701795603,0.811736682546557,0.08371589432654829,0.11180164573408402
2023,Import/export trade,"Food, alcoholic drinks and tobacco_I/E",10 - 49,713.0,14051.0,93812.0,4964.0,6475.0,76891.0,9631.0,False,131.57363253856943,6.676535477901929,0.685431641876023,0.8196286189400077,0.06902102076493412,0.10266277235321707
2023,Import/export trade,"Food, alcoholic drinks and tobacco_I/E",50 - 99,29.0,1865.0,10967.0,750.0,1189.0,6355.0,2407.0,False,378.17241379310343,5.880428954423593,1.2906166219839141,0.5794656697364822,0.10841615756359989,0.21947661165314125
2023,Import/export trade,"Food, alcoholic drinks and tobacco_I/E",100 - 199,13.0,1818.0,9499.0,693.0,919.0,7205.0,1358.0,False,730.6923076923077,5.224972497249725,0.746974697469747,0.7585008948310349,0.09674702600273713,0.14296241709653648
2023,Import/export trade,"Food, alcoholic drinks and tobacco_I/E",200 - 499,7.0,2081.0,,,,,,True,,,,,,
2023,Import/export trade,"Food, alcoholic drinks and tobacco_I/E",≥ 500,1.0,600.0,,,,,,True,,,,,,
2023,Import/export trade,"Food, alcoholic drinks and tobacco_I/E",Total,5466.0,32333.0,170572.0,11085.0,13888.0,134063.0,20842.0,False,31.20600073179656,5.275477066773885,0.6446045835524078,0.7859613535633047,0.08142016274652346,0.12218887038904393
2023,Import/export trade,"Clothing, footwear and allied products_I/E",< 10,9086.0,26685.0,97782.0,8022.0,10833.0,76025.0,11305.0,False,10.761831388950034,3.6643057897695335,0.42364624320779465,0.7774948354502874,0.11078726145916426,0.11561432574502464
2023,Import/export trade,"Clothing, footwear and allied products_I/E",10 - 49,1038.0,15395.0,58604.0,7454.0,18541.0,17220.0,22019.0,False,56.458574181117534,3.8066904839233517,1.430269568041572,0.29383659818442426,0.3163777216572248,0.3757252064705481
2023,Import/export trade,"Clothing, footwear and allied products_I/E",50 - 99,72.0,4630.0,23857.0,2422.0,4596.0,4685.0,13706.0,False,331.34722222222223,5.152699784017279,2.960259179265659,0.19637842142767323,0.19264786016682733,0.5745064341702645
2023,Import/export trade,"Clothing, footwear and allied products_I/E",100 - 199,28.0,3869.0,26599.0,2395.0,2453.0,17085.0,6267.0,False,949.9642857142857,6.874903075730163,1.6197983975187387,0.6423173803526449,0.09222151208692056,0.2356103612917779
2023,Import/export trade,"Clothing, footwear and allied products_I/E",200 - 499,12.0,3708.0,,,,,,True,,,,,,
2023,Import/export trade,"Clothing, footwear and allied products_I/E",≥ 500,6.0,4070.0,,,,,,True,,,,,,
2023,Import/export trade,"Clothing, footwear and allied products_I/E",Total,10243.0,58357.0,254853.0,24420.0,39838.0,146745.0,65391.0,False,24.880699013960754,4.367136761656699,1.120533954795483,0.5758025214535438,0.15631756345815037,0.25658320678979646
2023,Import/export trade,Other import/export trade_I/E,< 10,53117.0,136247.0,1091395.0,44039.0,71886.0,870741.0,134203.0,False,20.547000018826363,8.010414908218163,0.9849978348147115,0.7978238859441357,0.06586616211362523,0.12296464616385451
2023,Import/export trade,Other import/export trade_I/E,10 - 49,5758.0,88300.0,1445270.0,45561.0,84694.0,1171208.0,141231.0,False,251.00208405696424,16.367723669309175,1.599445073612684,0.8103731482698735,0.05860081507261619,0.09771945726404063
2023,Import/export trade,Other import/export trade_I/E,50 - 99,305.0,20461.0,629796.0,12365.0,34127.0,532654.0,51294.0,False,2064.904918032787,30.78031376765554,2.5069155955231905,0.845756403660868,0.054187387662036596,0.08144542042185088
2023,Import/export trade,Other import/export trade_I/E,100 - 199,99.0,13850.0,330720.0,8678.0,23342.0,291206.0,12340.0,False,3340.6060606060605,23.87870036101083,0.8909747292418773,0.8805212868892114,0.0705793420416062,0.037312530237058536
2023,Import/export trade,Other import/export trade_I/E,200 - 499,30.0,8093.0,222712.0,5217.0,24700.0,157654.0,22448.0,False,7423.733333333334,27.519090572099344,2.773755096997405,0.7078828262509429,0.11090556413664283,0.10079385035382019
2023,Import/export trade,Other import/export trade_I/E,≥ 500,10.0,7576.0,100131.0,3136.0,12680.0,68345.0,19390.0,False,10013.1,13.216869060190074,2.559398099260824,0.6825558518340973,0.126634109316795,0.19364632331645545
2023,Import/export trade,Other import/export trade_I/E,Total,59319.0,274527.0,3820024.0,118996.0,251430.0,3091808.0,380906.0,False,64.39798378259917,13.914930043310859,1.3874992259413463,0.8093687369503437,0.06581895820549818,0.09971298609642243
2023,Wholesale trade,"Food, alcoholic drinks and tobacco_W",< 10,2867.0,7452.0,21720.0,1491.0,1504.0,17339.0,2951.0,False,7.575863271712592,2.9146537842190017,0.3960010735373054,0.7982965009208103,0.06924493554327808,0.13586556169429098
2023,Wholesale trade,"Food, alcoholic drinks and tobacco_W",10 - 49,268.0,5185.0,,,,,,True,,,,,,
2023,Wholesale trade,"Food, alcoholic drinks and tobacco_W",50 - 99,17.0,1076.0,3686.0,318.0,244.0,2946.0,481.0,False,216.8235294117647,3.425650557620818,0.44702602230483274,0.7992403689636463,0.06619641888225719,0.13049376017362996
2023,Wholesale trade,"Food, alcoholic drinks and tobacco_W",100 - 199,3.0,389.0,,,,,,True,,,,,,
2023,Wholesale trade,"Food, alcoholic drinks and tobacco_W",200 - 499,1.0,349.0,,,,,,True,,,,,,
2023,Wholesale trade,"Food, alcoholic drinks and tobacco_W",≥ 500,1.0,808.0,,,,,,True,,,,,,
2023,Wholesale trade,"Food, alcoholic drinks and tobacco_W",Total,3157.0,15260.0,51371.0,3760.0,3742.0,41700.0,6091.0,False,16.272093759898638,3.3663826998689386,0.3991480996068152,0.8117420334429931,0.0728426544159156,0.11856884234295614
2023,Wholesale trade,"Clothing, footwear and allied products_W",< 10,965.0,3031.0,4260.0,560.0,511.0,3110.0,592.0,False,4.414507772020725,1.4054767403497195,0.1953150775321676,0.7300469483568075,0.11995305164319249,0.13896713615023473
2023,Wholesale trade,"Clothing, footwear and allied products_W",10 - 49,10.0,134.0,,,,,,True,,,,,,
2023,Wholesale trade,"Clothing, footwear and allied products_W",50 - 99,2.0,121.0,,,,,,True,,,,,,
2023,Wholesale trade,"Clothing, footwear and allied products_W",100 - 199,,,,,,,,False,,,,,,
2023,Wholesale trade,"Clothing, footwear and allied products_W",200 - 499,,,,,,,,False,,,,,,
2023,Wholesale trade,"Clothing, footwear and allied products_W",Total,977.0,3286.0,4772.0,644.0,594.0,3394.0,739.0,False,4.884339815762538,1.4522215459525258,0.2248934875228241,0.7112321877619446,0.12447611064543168,0.15486169321039397
2023,Wholesale trade,Other wholesale trade_W,< 10,8224.0,19133.0,119986.0,4146.0,4340.0,110969.0,4875.0,False,14.589737354085603,6.271154549730832,0.2547953797104479,0.9248495657826746,0.03617088660343707,0.04062974013634924
2023,Wholesale trade,Other wholesale trade_W,10 - 49,514.0,9061.0,68882.0,2911.0,2916.0,61329.0,4839.0,False,134.01167315175098,7.6020306809402935,0.5340470146782916,0.8903487122905839,0.04233326558462298,0.07025057344444122
2023,Wholesale trade,Other wholesale trade_W,50 - 99,34.0,2302.0,,,,,,True,,,,,,
2023,Wholesale trade,Other wholesale trade_W,100 - 199,7.0,1019.0,,,,,,True,,,,,,
2023,Wholesale trade,Other wholesale trade_W,200 - 499,6.0,1567.0,8745.0,796.0,1572.0,5722.0,1422.0,False,1457.5,5.580727504786216,0.9074664964901085,0.65431675242996,0.1797598627787307,0.16260720411663807
2023,Wholesale trade,Other wholesale trade_W,≥ 500,,,,,,,,False,,,,,,
2023,Wholesale trade,Other wholesale trade_W,Total,8785.0,33082.0,226837.0,9212.0,11808.0,202524.0,12732.0,False,25.82094479225953,6.8568103500392965,0.3848618584124297,0.8928173093454771,0.052054999845704185,0.05612840938647575
2023,Retail trade,"Food, alcoholic drinks and tobacco_R",< 10,10236.0,22962.0,16925.0,1753.0,3555.0,11101.0,2313.0,False,1.6534779210629151,0.7370873617280724,0.10073164358505357,0.6558936484490399,0.21004431314623337,0.13666174298375183
2023,Retail trade,"Food, alcoholic drinks and tobacco_R",10 - 49,335.0,5021.0,7120.0,1030.0,1201.0,5011.0,913.0,False,21.253731343283583,1.4180442142999403,0.18183628759211312,0.7037921348314606,0.16867977528089886,0.1282303370786517
2023,Retail trade,"Food, alcoholic drinks and tobacco_R",50 - 99,51.0,3547.0,5857.0,893.0,1170.0,3467.0,1210.0,False,114.84313725490196,1.6512545813363406,0.34113335212855933,0.5919412668601673,0.19976096977975072,0.2065904046440157
2023,Retail trade,"Food, alcoholic drinks and tobacco_R",100 - 199,15.0,1999.0,,,,,,True,,,,,,
2023,Retail trade,"Food, alcoholic drinks and tobacco_R",200 - 499,12.0,3630.0,,,,,,True,,,,,,
2023,Retail trade,"Food, alcoholic drinks and tobacco_R",≥ 500,15.0,33965.0,,,,,,True,,,,,,
2023,Retail trade,"Food, alcoholic drinks and tobacco_R",Total,10663.0,71125.0,100209.0,11281.0,21381.0,65110.0,13131.0,False,9.397824252086656,1.4089138840070299,0.18461862917398947,0.6497420391382012,0.21336406909559022,0.13103613447893903
2023,Retail trade,Fuel_R,< 10,101.0,479.0,314.0,74.0,50.0,168.0,95.0,False,3.108910891089109,0.6555323590814196,0.19832985386221294,0.535031847133758,0.1592356687898089,0.30254777070063693
2023,Retail trade,Fuel_R,10 - 49,53.0,1186.0,949.0,229.0,56.0,665.0,222.0,False,17.90566037735849,0.8001686340640809,0.18718381112984822,0.7007376185458377,0.059009483667017915,0.2339304531085353
2023,Retail trade,Fuel_R,50 - 99,7.0,336.0,,,,,,True,,,,,,
2023,Retail trade,Fuel_R,100 - 199,,,,,,,,False,,,,,,
2023,Retail trade,Fuel_R,200 - 499,2.0,788.0,,,,,,True,,,,,,
2023,Retail trade,Fuel_R,≥ 500,1.0,500.0,,,,,,True,,,,,,
2023,Retail trade,Fuel_R,Total,163.0,3289.0,6383.0,606.0,326.0,5414.0,618.0,False,39.15950920245399,1.9407114624505928,0.18789905746427485,0.8481905060316466,0.05107316308945637,0.09681967726774245
2023,Retail trade,"Clothing, footwear and allied products_R",< 10,6357.0,14117.0,8035.0,906.0,2945.0,4149.0,1017.0,False,1.2639609878873683,0.5691719203796841,0.07204080187008571,0.5163658991910393,0.36652146857498447,0.12657125077784692
2023,Retail trade,"Clothing, footwear and allied products_R",10 - 49,259.0,4645.0,6243.0,1087.0,1764.0,3096.0,1331.0,False,24.104247104247104,1.3440258342303553,0.28654467168998926,0.49591542527630944,0.2825564632388275,0.21319878263655295
2023,Retail trade,"Clothing, footwear and allied products_R",50 - 99,80.0,5309.0,9074.0,1642.0,2619.0,2882.0,3357.0,False,113.425,1.7091731022791485,0.632322471275193,0.3176107560061715,0.2886268459334362,0.36995812210711926
2023,Retail trade,"Clothing, footwear and allied products_R",100 - 199,16.0,2037.0,5845.0,785.0,1564.0,3076.0,1151.0,False,365.3125,2.8694158075601375,0.5650466372115857,0.526261762189906,0.26757912745936696,0.19692044482463644
2023,Retail trade,"Clothing, footwear and allied products_R",200 - 499,26.0,9167.0,14106.0,2215.0,4590.0,6198.0,3290.0,False,542.5384615384615,1.5387804079851641,0.3588960401439948,0.43938749468311356,0.32539344959591665,0.23323408478661561
2023,Retail trade,"Clothing, footwear and allied products_R",≥ 500,12.0,10363.0,19895.0,2653.0,7121.0,9036.0,3732.0,False,1657.9166666666667,1.9198108655794655,0.3601273762424009,0.4541844684594119,0.3579291279215883,0.1875848203066097
2023,Retail trade,"Clothing, footwear and allied products_R",Total,6750.0,45638.0,63198.0,9288.0,20602.0,28437.0,13878.0,False,9.362666666666666,1.3847670800648582,0.3040886980148122,0.44996677110035127,0.32599132883952026,0.2195955568214184
2023,Retail trade,Transport equipment_R,< 10,1004.0,2306.0,3365.0,344.0,605.0,2411.0,354.0,False,3.351593625498008,1.4592367736339982,0.15351257588898526,0.7164933135215453,0.17979197622585438,0.10520059435364042
2023,Retail trade,Transport equipment_R,10 - 49,35.0,718.0,3857.0,303.0,339.0,2599.0,915.0,False,110.2,5.371866295264624,1.2743732590529249,0.6738397718434016,0.08789214415348717,0.23723100855587245
2023,Retail trade,Transport equipment_R,50 - 99,13.0,832.0,,,,,,True,,,,,,
2023,Retail trade,Transport equipment_R,100 - 199,4.0,531.0,,,,,,True,,,,,,
2023,Retail trade,Transport equipment_R,200 - 499,,,,,,,,False,,,,,,
2023,Retail trade,Transport equipment_R,≥ 500,2.0,1236.0,,,,,,True,,,,,,
2023,Retail trade,Transport equipment_R,Total,1058.0,5624.0,25465.0,1766.0,2693.0,19741.0,2946.0,False,24.06899810964083,4.527916073968705,0.5238264580369844,0.7752208914195955,0.10575299430591008,0.11568819948949538
2023,Retail trade,Other retail trade_R,< 10,25834.0,52081.0,56901.0,6779.0,12413.0,39296.0,5456.0,False,2.2025625145157544,1.0925481461569477,0.1047598932432173,0.6906029771005782,0.21815082335987065,0.0958858368042741
2023,Retail trade,Other retail trade_R,10 - 49,597.0,10377.0,38557.0,3586.0,6169.0,22954.0,7986.0,False,64.58458961474037,3.7156210850920304,0.7695865857184158,0.595326399875509,0.15999688772466739,0.20712192338615557
2023,Retail trade,Other retail trade_R,50 - 99,103.0,7436.0,28471.0,2934.0,6880.0,18229.0,3003.0,False,276.41747572815535,3.8288058095750404,0.40384615384615385,0.6402655333497242,0.24164939763267887,0.10547574725158934
2023,Retail trade,Other retail trade_R,100 - 199,56.0,7879.0,26364.0,2951.0,7658.0,15733.0,2464.0,False,470.7857142857143,3.3461099124254345,0.31273004188348774,0.5967607343346988,0.29047185556061295,0.09346077985131239
2023,Retail trade,Other retail trade_R,200 - 499,31.0,8933.0,43419.0,3316.0,8907.0,29411.0,3398.0,False,1400.6129032258063,4.860517183476995,0.38038732788536883,0.6773762638476243,0.20514060664685968,0.07826066929224533
2023,Retail trade,Other retail trade_R,≥ 500,30.0,36849.0,134073.0,10240.0,26837.0,82228.0,21803.0,False,4469.1,3.6384433770251565,0.5916849846671551,0.613307675669225,0.20016707316163582,0.16262036353329903
2023,Retail trade,Other retail trade_R,Total,26652.0,123555.0,327785.0,29805.0,68863.0,207851.0,44111.0,False,12.29870178598229,2.652948079802517,0.3570150944923314,0.63410772305017,0.21008587946367283,0.13457296703631955
2024,Import/export trade,"Food, alcoholic drinks and tobacco_I/E",< 10,4512.0,9912.0,24328.0,2098.0,2979.0,17524.0,3882.0,False,5.391843971631205,2.454398708635997,0.3916464891041162,0.7203222624136797,0.12245149621834922,0.1595692206511016
2024,Import/export trade,"Food, alcoholic drinks and tobacco_I/E",10 - 49,912.0,15533.0,118250.0,6088.0,5959.0,98169.0,13380.0,False,129.66008771929825,7.612824309534539,0.8613918753621322,0.8301818181818181,0.050393234672304436,0.11315010570824524
2024,Import/export trade,"Food, alcoholic drinks and tobacco_I/E",50 - 99,29.0,1937.0,9038.0,984.0,1108.0,4630.0,1827.0,False,311.6551724137931,4.665978316985028,0.9432111512648426,0.5122814782031423,0.12259349413587077,0.2021464925868555
2024,Import/export trade,"Food, alcoholic drinks and tobacco_I/E",100 - 199,13.0,1815.0,6898.0,696.0,874.0,5038.0,985.0,False,530.6153846153846,3.8005509641873276,0.5426997245179064,0.7303566251087271,0.1267033922876196,0.14279501304726008
2024,Import/export trade,"Food, alcoholic drinks and tobacco_I/E",200 - 499,8.0,2144.0,,,,,,True,,,,,,
2024,Import/export trade,"Food, alcoholic drinks and tobacco_I/E",≥ 500,1.0,600.0,,,,,,True,,,,,,
2024,Import/export trade,"Food, alcoholic drinks and tobacco_I/E",Total,5475.0,31941.0,173280.0,11294.0,12587.0,135982.0,22419.0,False,31.649315068493152,5.425002348079271,0.7018878557340096,0.7847530009233611,0.07263965835641736,0.12938019390581718
2024,Import/export trade,"Clothing, footwear and allied products_I/E",< 10,8306.0,21404.0,122701.0,7313.0,14745.0,81976.0,16657.0,False,14.772574042860583,5.732620071014764,0.7782190244814053,0.6680956145426687,0.12017016976226763,0.1357527648511422
2024,Import/export trade,"Clothing, footwear and allied products_I/E",10 - 49,1069.0,19735.0,34725.0,8642.0,10748.0,15367.0,8369.0,False,32.483629560336766,1.7595642259944262,0.4240689130985559,0.4425341972642189,0.3095176385889129,0.2410079193664507
2024,Import/export trade,"Clothing, footwear and allied products_I/E",50 - 99,84.0,5254.0,32849.0,3011.0,7156.0,8704.0,15113.0,False,391.0595238095238,6.252188808526837,2.8764750666159116,0.2649700143078937,0.21784529209412767,0.46007488812444824
2024,Import/export trade,"Clothing, footwear and allied products_I/E",100 - 199,23.0,2889.0,15488.0,1950.0,2513.0,7760.0,4302.0,False,673.3913043478261,5.361024575977847,1.4890965732087227,0.5010330578512396,0.16225464876033058,0.27776342975206614
2024,Import/export trade,"Clothing, footwear and allied products_I/E",200 - 499,14.0,3679.0,,,,,,True,,,,,,
2024,Import/export trade,"Clothing, footwear and allied products_I/E",≥ 500,3.0,2845.0,,,,,,True,,,,,,
2024,Import/export trade,"Clothing, footwear and allied products_I/E",Total,9499.0,55806.0,247462.0,24231.0,38247.0,137674.0,59007.0,False,26.051373828824087,4.43432605812995,1.0573594237178798,0.5563440043319783,0.1545570633066895,0.23844873152241555
2024,Import/export trade,Other import/export trade_I/E,< 10,49229.0,136549.0,1191241.0,46966.0,99767.0,939795.0,128687.0,False,24.197952426415323,8.72390863353082,0.9424235988546236,0.7889209656148504,0.0837504753446196,0.1080276786980972
2024,Import/export trade,Other import/export trade_I/E,10 - 49,4699.0,76785.0,1350268.0,43233.0,69977.0,1078999.0,171609.0,False,287.3522025962971,17.58504916324803,2.234928697011135,0.7990998823937174,0.05182452668655407,0.1270925475535227
2024,Import/export trade,Other import/export trade_I/E,50 - 99,276.0,19056.0,970467.0,13173.0,45423.0,856361.0,58553.0,False,3516.1847826086955,50.927109571788414,3.0726805205709486,0.8824215558076679,0.04680530095304632,0.060334869707058564
2024,Import/export trade,Other import/export trade_I/E,100 - 199,96.0,13544.0,307145.0,8978.0,24757.0,256150.0,20739.0,False,3199.4270833333335,22.67756940342587,1.5312315416420554,0.8339709257842387,0.08060362369564864,0.06752185449868954
2024,Import/export trade,Other import/export trade_I/E,200 - 499,29.0,8300.0,,,,,,True,,,,,,
2024,Import/export trade,Other import/export trade_I/E,≥ 500,11.0,9109.0,,,,,,True,,,,,,
2024,Import/export trade,Other import/export trade_I/E,Total,54341.0,263342.0,4102536.0,120353.0,267721.0,3344409.0,411862.0,False,75.4961447157763,15.578737914954697,1.5639814385855655,0.8152052779061536,0.06525744076346923,0.10039205018554377
2024,Wholesale trade,"Food, alcoholic drinks and tobacco_W",< 10,3054.0,8294.0,27053.0,1848.0,2134.0,22238.0,2728.0,False,8.858218729535036,3.261755485893417,0.32891246684350134,0.8220160425830777,0.07888219421136287,0.10083909363102059
2024,Wholesale trade,"Food, alcoholic drinks and tobacco_W",10 - 49,209.0,4215.0,,,,,,True,,,,,,
2024,Wholesale trade,"Food, alcoholic drinks and tobacco_W",50 - 99,18.0,1408.0,,,,,,True,,,,,,
2024,Wholesale trade,"Food, alcoholic drinks and tobacco_W",100 - 199,3.0,394.0,,,,,,True,,,,,,
2024,Wholesale trade,"Food, alcoholic drinks and tobacco_W",200 - 499,,,,,,,,False,,,,,,
2024,Wholesale trade,"Food, alcoholic drinks and tobacco_W",≥ 500,1.0,790.0,,,,,,True,,,,,,
2024,Wholesale trade,"Food, alcoholic drinks and tobacco_W",Total,3286.0,15100.0,53897.0,3935.0,3989.0,43798.0,6143.0,False,16.402008520998173,3.569337748344371,0.4068211920529801,0.8126240792622966,0.07401154053101286,0.11397665918325696
2024,Wholesale trade,"Clothing, footwear and allied products_W",< 10,874.0,2361.0,4188.0,513.0,584.0,2993.0,618.0,False,4.7917620137299775,1.7738246505717916,0.2617534942820839,0.7146609360076409,0.13944603629417382,0.14756446991404013
2024,Wholesale trade,"Clothing, footwear and allied products_W",10 - 49,12.0,159.0,,,,,,True,,,,,,
2024,Wholesale trade,"Clothing, footwear and allied products_W",50 - 99,3.0,200.0,,,,,,True,,,,,,
2024,Wholesale trade,"Clothing, footwear and allied products_W",100 - 199,,,,,,,,False,,,,,,
2024,Wholesale trade,"Clothing, footwear and allied products_W",200 - 499,,,,,,,,False,,,,,,
2024,Wholesale trade,"Clothing, footwear and allied products_W",Total,889.0,2721.0,4922.0,630.0,674.0,3422.0,830.0,False,5.536557930258717,1.808893789048144,0.30503491363469315,0.695245835026412,0.13693620479479887,0.16863063795205202
2024,Wholesale trade,Other wholesale trade_W,< 10,7348.0,16006.0,92196.0,3290.0,3528.0,85564.0,3258.0,False,12.547087642896026,5.760089966262652,0.20354866924903162,0.9280662935485271,0.03826630222569309,0.0353377586880125
2024,Wholesale trade,Other wholesale trade_W,10 - 49,725.0,10793.0,82044.0,3427.0,3989.0,72859.0,5289.0,False,113.16413793103449,7.601593625498008,0.4900398406374502,0.8880478767490615,0.04862025254741358,0.06446540880503145
2024,Wholesale trade,Other wholesale trade_W,50 - 99,32.0,2182.0,27019.0,1051.0,2888.0,23457.0,778.0,False,844.34375,12.382676443629698,0.3565536205316224,0.8681668455531293,0.10688774566046115,0.028794551981938636
2024,Wholesale trade,Other wholesale trade_W,100 - 199,9.0,1191.0,,,,,,True,,,,,,
2024,Wholesale trade,Other wholesale trade_W,200 - 499,4.0,1036.0,,,,,,True,,,,,,
2024,Wholesale trade,Other wholesale trade_W,≥ 500,2.0,884.0,,,,,,True,,,,,,
2024,Wholesale trade,Other wholesale trade_W,Total,8119.0,32092.0,216362.0,9091.0,11864.0,192470.0,12090.0,False,26.648848380342407,6.7419294528231335,0.3767294029664714,0.8895739547610024,0.05483402815651547,0.0558785738715671
2024,Retail trade,"Food, alcoholic drinks and tobacco_R",< 10,9883.0,20304.0,16414.0,1559.0,3164.0,11565.0,1698.0,False,1.6608317312556915,0.8084121355397951,0.08362884160756501,0.7045814548556111,0.19276227610576338,0.10344827586206896
2024,Retail trade,"Food, alcoholic drinks and tobacco_R",10 - 49,230.0,4443.0,7546.0,1243.0,2365.0,3699.0,1469.0,False,32.80869565217391,1.6984019806437092,0.3306324555480531,0.4901934799893984,0.31341107871720114,0.194672674264511
2024,Retail trade,"Food, alcoholic drinks and tobacco_R",50 - 99,48.0,3211.0,5060.0,804.0,1028.0,2797.0,1258.0,False,105.41666666666667,1.5758330738087822,0.39177826222360634,0.5527667984189724,0.20316205533596837,0.24861660079051384
2024,Retail trade,"Food, alcoholic drinks and tobacco_R",100 - 199,18.0,2481.0,,,,,,True,,,,,,
2024,Retail trade,"Food, alcoholic drinks and tobacco_R",200 - 499,15.0,4429.0,,,,,,True,,,,,,
2024,Retail trade,"Food, alcoholic drinks and tobacco_R",≥ 500,12.0,30631.0,,,,,,True,,,,,,
2024,Retail trade,"Food, alcoholic drinks and tobacco_R",Total,10206.0,65498.0,100449.0,11341.0,22806.0,63967.0,13478.0,False,9.84215167548501,1.5336193471556383,0.20577727564200435,0.6368107198677936,0.22704058776095332,0.13417754283268127
2024,Retail trade,Fuel_R,< 10,100.0,425.0,504.0,61.0,44.0,366.0,94.0,False,5.04,1.1858823529411764,0.2211764705882353,0.7261904761904762,0.0873015873015873,0.1865079365079365
2024,Retail trade,Fuel_R,10 - 49,57.0,1312.0,812.0,260.0,69.0,503.0,240.0,False,14.24561403508772,0.6189024390243902,0.18292682926829268,0.6194581280788177,0.08497536945812807,0.2955665024630542
2024,Retail trade,Fuel_R,50 - 99,13.0,685.0,,,,,,True,,,,,,
2024,Retail trade,Fuel_R,100 - 199,,,,,,,,False,,,,,,
2024,Retail trade,Fuel_R,200 - 499,2.0,781.0,,,,,,True,,,,,,
2024,Retail trade,Fuel_R,≥ 500,,,,,,,,False,,,,,,
2024,Retail trade,Fuel_R,Total,172.0,3203.0,5744.0,638.0,337.0,4594.0,814.0,False,33.395348837209305,1.7933187636590697,0.25413674679987514,0.799791086350975,0.05866991643454039,0.14171309192200557
2024,Retail trade,"Clothing, footwear and allied products_R",< 10,5536.0,9331.0,6276.0,840.0,2685.0,2898.0,715.0,False,1.1336705202312138,0.6725967206087237,0.07662629943200086,0.46175908221797324,0.42782026768642445,0.11392606755895475
2024,Retail trade,"Clothing, footwear and allied products_R",10 - 49,421.0,6954.0,6427.0,1448.0,1868.0,2942.0,1625.0,False,15.26603325415677,0.9242162784009204,0.23367845844118493,0.45775634043877395,0.29064882526839897,0.25283958300918
2024,Retail trade,"Clothing, footwear and allied products_R",50 - 99,37.0,2393.0,6145.0,857.0,2047.0,2189.0,1609.0,False,166.0810810810811,2.5679063936481406,0.6723777684914334,0.35622457282343367,0.3331163547599674,0.26183889340927585
2024,Retail trade,"Clothing, footwear and allied products_R",100 - 199,18.0,2319.0,6989.0,963.0,2576.0,3593.0,708.0,False,388.27777777777777,3.013799051315222,0.3053040103492885,0.5140935756188296,0.3685791958792388,0.10130204607239948
2024,Retail trade,"Clothing, footwear and allied products_R",200 - 499,24.0,8903.0,18318.0,2662.0,4931.0,7276.0,3490.0,False,763.25,2.057508704930922,0.39200269572054364,0.39720493503657606,0.2691887760672563,0.19052298285839064
2024,Retail trade,"Clothing, footwear and allied products_R",≥ 500,9.0,10818.0,16944.0,2511.0,4291.0,6243.0,5058.0,False,1882.6666666666667,1.5662784248474764,0.46755407653910147,0.3684490084985836,0.2532459867799811,0.2985127478753541
2024,Retail trade,"Clothing, footwear and allied products_R",Total,6046.0,40718.0,61098.0,9282.0,18396.0,25140.0,13205.0,False,10.105524313595765,1.5005157424234983,0.3243037477282774,0.4114700972208583,0.3010900520475302,0.2161281875020459
2024,Retail trade,Transport equipment_R,< 10,838.0,1739.0,3092.0,365.0,495.0,1998.0,607.0,False,3.6897374701670644,1.7780333525014376,0.34905117883841286,0.6461836998706338,0.16009055627425614,0.1963130659767141
2024,Retail trade,Transport equipment_R,10 - 49,34.0,666.0,2864.0,245.0,441.0,2227.0,195.0,False,84.23529411764706,4.3003003003003,0.2927927927927928,0.7775837988826816,0.1539804469273743,0.06808659217877094
2024,Retail trade,Transport equipment_R,50 - 99,9.0,494.0,,,,,,True,,,,,,
2024,Retail trade,Transport equipment_R,100 - 199,3.0,404.0,,,,,,True,,,,,,
2024,Retail trade,Transport equipment_R,200 - 499,2.0,705.0,,,,,,True,,,,,,
2024,Retail trade,Transport equipment_R,≥ 500,2.0,1240.0,,,,,,True,,,,,,
2024,Retail trade,Transport equipment_R,Total,888.0,5249.0,19928.0,1784.0,2557.0,14590.0,2594.0,False,22.44144144144144,3.7965326728900743,0.49418936940369596,0.7321356884785227,0.12831192292252108,0.13016860698514654
2024,Retail trade,Other retail trade_R,< 10,25045.0,48353.0,56221.0,7324.0,11281.0,35970.0,7671.0,False,2.24479936114993,1.1627199966910016,0.1586457924017124,0.6397965173155938,0.2006545596841038,0.13644367762935558
2024,Retail trade,Other retail trade_R,10 - 49,953.0,15302.0,41084.0,4838.0,7650.0,25489.0,7716.0,False,43.110178384050364,2.6848777937524506,0.5042478107436936,0.6204118391587966,0.1862038749878298,0.18781033979164638
2024,Retail trade,Other retail trade_R,50 - 99,108.0,7664.0,30382.0,3013.0,7030.0,19275.0,3189.0,False,281.31481481481484,3.9642484342379958,0.41610125260960334,0.6344216970574682,0.23138700546376142,0.10496346520966361
2024,Retail trade,Other retail trade_R,100 - 199,51.0,6909.0,20491.0,2610.0,6247.0,10962.0,2858.0,False,401.7843137254902,2.9658416558112606,0.41366333767549573,0.534966570689571,0.3048655507295886,0.1394758674540042
2024,Retail trade,Other retail trade_R,200 - 499,33.0,10092.0,45487.0,3673.0,8690.0,24310.0,5259.0,False,1378.3939393939395,4.507233452239397,0.5211058263971462,0.5344384109745641,0.1910435948732605,0.11561545056829424
2024,Retail trade,Other retail trade_R,≥ 500,28.0,33367.0,108278.0,9429.0,26654.0,68987.0,12155.0,False,3867.0714285714284,3.245062486888243,0.3642820751041448,0.6371285025582297,0.24616265538705923,0.11225733759397108
2024,Retail trade,Other retail trade_R,Total,26218.0,121687.0,301943.0,30887.0,67552.0,184993.0,38848.0,False,11.516629796323137,2.481308603219736,0.3192452768167512,0.6126752400287472,0.2237243453234551,0.12866004510785148
